{
  "seta_to_univ_direct": {
    "routeName": "瀬田駅 → 龍谷大学 [直行]",
    "schedules": {
      "weekdays": ["8:15", "9:09", "9:57", "10:15", "10:24", "10:27", "10:30", "10:33", "10:36", "10:39", "10:40", "10:46", "10:49", "10:58", "11:43", "11:54", "11:58", "12:13", "14:43"],
      "saturdays": [],
      "holidays": []
    }
  },
  "seta_to_univ_local": {
    "routeName": "瀬田駅 → 龍谷大学 [各停]",
    "schedules": {
      "weekdays": ["6:34", "7:07", "7:35", "7:56", "8:05", "8:17", "8:29", "8:39", "8:44", "8:51", "8:54", "8:58", "9:01", "9:12", "9:21", "9:38", "10:09", "10:19", "10:42", "10:52", "11:00", "11:15", "11:30", "11:45", "12:00", "12:15", "12:30", "12:45", "13:00", "13:16", "13:30", "13:45", "14:00", "14:16", "14:30", "14:45", "15:00", "15:15", "15:30", "16:00", "16:15", "16:30", "17:02", "17:17", "17:32", "18:02", "18:17", "18:32", "19:02", "19:17", "19:32", "20:02", "20:17"],
      "saturdays": ["7:07", "7:21", "7:38", "7:55", "8:15", "8:30", "8:45", "9:00", "9:16", "9:30", "9:47", "9:59", "10:16", "10:29", "10:45", "11:00", "11:30", "11:46", "12:00", "12:16", "12:30", "12:46", "13:00", "13:30", "14:00", "14:30", "14:46", "15:00", "15:30", "16:00", "16:32", "17:02", "17:32", "18:05", "18:32"],
      "holidays": ["7:07", "7:21", "7:38", "7:55", "8:15", "8:45", "9:00", "9:16", "9:30", "9:47", "9:59", "10:30", "10:45", "11:00", "11:30", "11:46", "12:00", "12:30", "12:46", "13:00", "13:30", "14:00", "14:30", "14:46", "15:00", "15:30", "16:00", "16:32", "17:02", "17:32", "18:05", "18:32"]
    }
  },
  "univ_to_seta_direct": {
    "routeName": "龍谷大学 → 瀬田駅 [直行]",
    "schedules": {
      "weekdays": ["12:28", "12:38", "14:52", "14:55", "15:03", "15:06", "15:10", "15:12", "16:32", "16:40", "16:44", "16:52", "16:56", "17:00", "17:04", "17:17", "18:18", "18:24", "18:28", "18:34", "18:38"],
      "saturdays": [],
      "holidays": []
    }
  },
  "univ_to_seta_local": {
    "routeName": "龍谷大学 → 瀬田駅 [各停]",
    "schedules": {
      "weekdays": ["7:09", "7:29", "7:49", "8:15", "9:15", "9:44", "10:15", "10:48", "10:56", "11:00", "11:15", "11:30", "11:45", "12:01", "12:15", "12:33", "12:45", "13:00", "13:15", "13:30", "13:45", "14:04", "14:15", "14:30", "14:45", "15:00", "15:15", "15:20", "15:25", "15:34", "15:45", "16:00", "16:15", "16:25", "16:48", "17:10", "17:25", "17:35", "17:45", "17:55", "18:04", "18:10", "18:31", "18:42", "18:50", "19:03", "19:17", "19:33", "19:48", "20:02", "20:15", "20:30", "20:50", "21:10", "21:24", "21:52", "22:04", "22:43"],
      "saturdays": ["8:33", "9:24", "9:54", "10:13", "10:29", "10:45", "11:01", "11:13", "11:31", "12:01", "12:29", "12:31", "12:45", "13:01", "13:13", "13:31", "14:01", "14:13", "14:31", "15:01", "15:13", "15:31", "16:01", "16:13", "16:55", "17:10", "17:25", "17:53", "18:33", "18:50", "19:24", "19:54", "20:24", "20:56", "21:30"],
      "holidays": ["8:33", "9:24", "9:54", "10:13", "10:29", "10:45", "11:01", "11:13", "11:31", "12:01", "12:29", "12:31", "12:45", "13:01", "13:13", "13:31", "14:01", "14:13", "14:31", "15:01", "15:13", "15:31", "16:01", "16:13", "16:55", "17:25", "17:53", "18:33", "18:50", "19:24", "19:54", "20:24", "20:56", "21:30"]
    }
  }
} 