{
  "seta_to_univ": {
    "routeName": "瀬田駅 → 龍谷大学",
    "schedules": {
      "weekdays": ["7:30", "8:00", "8:15", "8:30", "8:45", "9:00", "9:30", "10:00", "10:30", "11:00", "12:00", "13:00", "14:00", "15:00", "16:00", "16:30", "17:00", "17:30"],
      "saturdays": ["8:00", "9:00", "10:00", "11:00", "12:00", "13:00", "14:00", "15:00", "16:00", "17:00"],
      "holidays": ["9:00", "10:00", "11:00", "12:00", "13:00", "14:00", "15:00", "16:00"]
    }
  },
  "univ_to_seta": {
    "routeName": "龍谷大学 → 瀬田駅",
    "schedules": {
      "weekdays": ["7:45", "8:15", "8:45", "9:15", "9:45", "10:15", "10:45", "11:15", "12:15", "13:15", "14:15", "15:15", "16:15", "16:45", "17:15", "17:45", "18:15"],
      "saturdays": ["8:15", "9:15", "10:15", "11:15", "12:15", "13:15", "14:15", "15:15", "16:15", "16:45"],
      "holidays": ["9:15", "10:15", "11:15", "12:15", "13:15", "14:15", "15:15", "16:15"]
    }
  }
} 