[
  {
    "workNo": 499105,
    "position": {
      "latitude": 35.020948333333,
      "longitude": 135.96350833333
    },
    "companyNo": "tkt",
    "barrierFree": true,
    "delayMinutes": 14,
    "capacity": 21,
    "color": null,
    "passenger": 4,
    "occupancyStatus": 1,
    "device_uid": "tkt_1371",
    "device_options": null,
    "temporaryBus": 0,
    "displayExpirationTime": 1751019965,
    "startBusStopNo": 290,
    "endBusStopNo": 290,
    "airportFlag": 0,
    "routeNames": {
      "1": "83 クレハ前・目川住宅経由 草津駅行き",
      "2": "ogaki junkan line",
      "3": "小柿循环线",
      "4": "小柿循環線",
      "5": null
    }
  },
  {
    "workNo": 499170,
    "position": {
      "latitude": 34.96525,
      "longitude": 135.94165333333
    },
    "companyNo": "tkt",
    "barrierFree": true,
    "delayMinutes": -4,
    "capacity": 28,
    "color": null,
    "passenger": 0,
    "occupancyStatus": 1,
    "device_uid": "tkt_1178",
    "device_options": null,
    "temporaryBus": 0,
    "displayExpirationTime": 1751019966,
    "startBusStopNo": 182,
    "endBusStopNo": 209,
    "airportFlag": 0,
    "routeNames": {
      "1": "11 瀬田公園経由 瀬田駅行き",
      "2": "seta・ryudai line",
      "3": "濑田·龙大线",
      "4": "瀨田·龍大線",
      "5": null
    }
  },
  {
    "workNo": 499516,
    "position": {
      "latitude": 34.993453333333,
      "longitude": 135.95101
    },
    "companyNo": "tkt",
    "barrierFree": false,
    "delayMinutes": 5,
    "capacity": 0,
    "color": null,
    "passenger": 1,
    "occupancyStatus": 0,
    "device_uid": "tkt_1472",
    "device_options": null,
    "temporaryBus": 0,
    "displayExpirationTime": 1751019965,
    "startBusStopNo": 230,
    "endBusStopNo": 250,
    "airportFlag": 0,
    "routeNames": {
      "1": "282 桜ヶ丘・パナソニック東口経由 南草津駅行き",
      "2": "minamikusatsu～aoyama gochome（sakuragaoka）",
      "3": "南草津～青山（樱之丘）",
      "4": "南草津～青山五丁目（櫻之丘）",
      "5": null
    }
  },
  {
    "workNo": 499728,
    "position": {
      "latitude": 35.020676666667,
      "longitude": 135.96421333333
    },
    "companyNo": "tkt",
    "barrierFree": false,
    "delayMinutes": 8,
    "capacity": 0,
    "color": null,
    "passenger": 16,
    "occupancyStatus": 0,
    "device_uid": "tkt_1481",
    "device_options": null,
    "temporaryBus": 0,
    "displayExpirationTime": 1751019966,
    "startBusStopNo": 287,
    "endBusStopNo": 290,
    "airportFlag": 0,
    "routeNames": {
      "1": "153 青山五丁目・工業団地・青地経由 草津駅行き",
      "2": "153 Aoyama/Kougyo danchi/Wakakusa Chuo dori",
      "3": "153 青山5丁目/工业园区/青地",
      "4": "153 青山5丁目/工業園區/青地",
      "5": null
    }
  },
  {
    "workNo": 499893,
    "position": {
      "latitude": 35.00418,
      "longitude": 135.988675
    },
    "companyNo": "tkt",
    "barrierFree": true,
    "delayMinutes": 11,
    "capacity": 11,
    "color": null,
    "passenger": 3,
    "occupancyStatus": 2,
    "device_uid": "tkt_418",
    "device_options": null,
    "temporaryBus": 0,
    "displayExpirationTime": 1751019966,
    "startBusStopNo": 290,
    "endBusStopNo": 356,
    "airportFlag": 0,
    "routeNames": {
      "1": "（くりちゃんバス）中沢経由 栗東駅東口行き",
      "2": "kusatsueki・ritto line",
      "3": "草津站·栗东线",
      "4": "草津站·栗東線",
      "5": null
    }
  },
  {
    "workNo": 499921,
    "position": {
      "latitude": 34.973656666667,
      "longitude": 135.94726833333
    },
    "companyNo": "tkt",
    "barrierFree": true,
    "delayMinutes": 4,
    "capacity": 28,
    "color": null,
    "passenger": 0,
    "occupancyStatus": 1,
    "device_uid": "tkt_1339",
    "device_options": null,
    "temporaryBus": 0,
    "displayExpirationTime": 1751019967,
    "startBusStopNo": 209,
    "endBusStopNo": 234,
    "airportFlag": 0,
    "routeNames": {
      "1": "21 小松原・カネボウベルパーク・びわ湖レストタウン経由 長寿社会福祉センター行き",
      "2": "seta・chojushakai（resuto）",
      "3": "濑田·长寿社会（休闲）",
      "4": "瀨田·長壽社會（休閒）",
      "5": null
    }
  },
  {
    "workNo": 500090,
    "position": {
      "latitude": 34.97904,
      "longitude": 135.94839166667
    },
    "companyNo": "tkt",
    "barrierFree": false,
    "delayMinutes": 1,
    "capacity": 0,
    "color": null,
    "passenger": 8,
    "occupancyStatus": 0,
    "device_uid": "tkt_1487",
    "device_options": null,
    "temporaryBus": 0,
    "displayExpirationTime": 1751019966,
    "startBusStopNo": 208,
    "endBusStopNo": 209,
    "airportFlag": 0,
    "routeNames": {
      "1": "321 びわ湖レストタウン・カネボウベルパーク経由 瀬田駅行き",
      "2": "seta・idai（resuto）",
      "3": "濑田·医大（休闲）",
      "4": "瀨田·醫大（休閒）",
      "5": null
    }
  },
  {
    "workNo": 500131,
    "position": {
      "latitude": 34.965281666667,
      "longitude": 135.941625
    },
    "companyNo": "tkt",
    "barrierFree": true,
    "delayMinutes": 6,
    "capacity": 26,
    "color": null,
    "passenger": 0,
    "occupancyStatus": 1,
    "device_uid": "tkt_760",
    "device_options": null,
    "temporaryBus": 0,
    "displayExpirationTime": 1751019966,
    "startBusStopNo": 209,
    "endBusStopNo": 208,
    "airportFlag": 0,
    "routeNames": {
      "1": "311 龍谷大学経由 大学病院行き",
      "2": "idai～ryudai～setaeki",
      "3": "医大～龙大～濑田站",
      "4": "醫大～龍大～瀨田站",
      "5": null
    }
  },
  {
    "workNo": 500163,
    "position": {
      "latitude": 35.004125,
      "longitude": 135.98866666667
    },
    "companyNo": "tkt",
    "barrierFree": true,
    "delayMinutes": 1,
    "capacity": 29,
    "color": null,
    "passenger": 0,
    "occupancyStatus": 1,
    "device_uid": "tkt_1082",
    "device_options": null,
    "temporaryBus": 0,
    "displayExpirationTime": 1751019966,
    "startBusStopNo": 308,
    "endBusStopNo": 290,
    "airportFlag": 0,
    "routeNames": {
      "1": "453 山寺・青地経由 草津駅行き",
      "2": "kusatsushako line",
      "3": "草津车库线",
      "4": "草津車庫線",
      "5": null
    }
  },
  {
    "workNo": 500292,
    "position": {
      "latitude": 34.944788333333,
      "longitude": 135.91639833333
    },
    "companyNo": "tkt",
    "barrierFree": true,
    "delayMinutes": 6,
    "capacity": 28,
    "color": null,
    "passenger": 9,
    "occupancyStatus": 3,
    "device_uid": "tkt_1348",
    "device_options": null,
    "temporaryBus": 0,
    "displayExpirationTime": 1751019966,
    "startBusStopNo": 118,
    "endBusStopNo": 160,
    "airportFlag": 0,
    "routeNames": {
      "1": "140 太子・もみじが丘経由 アルプス登山口行き",
      "2": "ishiyama・tozanguchi（momiji）",
      "3": "石山·登山口（红叶）",
      "4": "石山·登山口（紅葉）",
      "5": null
    }
  },
  {
    "workNo": 500360,
    "position": {
      "latitude": 35.023578333333,
      "longitude": 135.971355
    },
    "companyNo": "tkt",
    "barrierFree": false,
    "delayMinutes": 19,
    "capacity": 11,
    "color": null,
    "passenger": 0,
    "occupancyStatus": 1,
    "device_uid": "tkt_770",
    "device_options": null,
    "temporaryBus": 0,
    "displayExpirationTime": 1751019965,
    "startBusStopNo": 340,
    "endBusStopNo": 290,
    "airportFlag": 0,
    "routeNames": {
      "1": "（くりちゃんバス）手原駅・積水化学前・栗東駅東口・中沢経由 草津駅行き",
      "2": "kusatsu・shiyakusho line",
      "3": "草津·市役所线",
      "4": "草津·市役所線",
      "5": null
    }
  },
  {
    "workNo": 500484,
    "position": {
      "latitude": 34.986383333333,
      "longitude": 135.92568833333
    },
    "companyNo": "tkt",
    "barrierFree": true,
    "delayMinutes": -4,
    "capacity": 26,
    "color": null,
    "passenger": 0,
    "occupancyStatus": 1,
    "device_uid": "tkt_763",
    "device_options": null,
    "temporaryBus": 0,
    "displayExpirationTime": 1751019967,
    "startBusStopNo": 209,
    "endBusStopNo": 208,
    "airportFlag": 0,
    "routeNames": {
      "1": "311 龍谷大学経由 大学病院行き",
      "2": "idai～ryudai～setaeki",
      "3": "医大～龙大～濑田站",
      "4": "醫大～龍大～瀨田站",
      "5": null
    }
  },
  {
    "workNo": 500565,
    "position": {
      "latitude": 35.017173333333,
      "longitude": 135.96655
    },
    "companyNo": "tkt",
    "barrierFree": true,
    "delayMinutes": 1,
    "capacity": 11,
    "color": null,
    "passenger": 0,
    "occupancyStatus": 1,
    "device_uid": "tkt_435",
    "device_options": null,
    "temporaryBus": 0,
    "displayExpirationTime": 1751019966,
    "startBusStopNo": 419,
    "endBusStopNo": 208,
    "airportFlag": 0,
    "routeNames": {
      "1": "（まめバス）草津市役所・南草津駅・草津養護学校経由 大学病院行き",
      "2": "kusatsu・minamikusatsu",
      "3": "草津·南草津",
      "4": "草津·南草津",
      "5": null
    }
  },
  {
    "workNo": 500614,
    "position": {
      "latitude": 35.0038,
      "longitude": 135.990295
    },
    "companyNo": "tkt",
    "barrierFree": true,
    "delayMinutes": -4,
    "capacity": 8,
    "color": null,
    "passenger": 1,
    "occupancyStatus": 1,
    "device_uid": "tkt_255",
    "device_options": null,
    "temporaryBus": 0,
    "displayExpirationTime": 1751019107,
    "startBusStopNo": 348,
    "endBusStopNo": 330,
    "airportFlag": 0,
    "routeNames": {
      "1": "（くりちゃんバス）手原駅・なごやかセンター・栗東市役所経由 コミュニティセンター金勝行き",
      "2": "haruda・kinsho line",
      "3": "治田·金胜线",
      "4": "治田·金勝線",
      "5": null
    }
  },
  {
    "workNo": 501250,
    "position": {
      "latitude": 35.022228333333,
      "longitude": 135.96217166667
    },
    "companyNo": "tkt",
    "barrierFree": true,
    "delayMinutes": -3,
    "capacity": 26,
    "color": null,
    "passenger": 0,
    "occupancyStatus": 1,
    "device_uid": "tkt_1123",
    "device_options": null,
    "temporaryBus": 0,
    "displayExpirationTime": 1751019966,
    "startBusStopNo": 290,
    "endBusStopNo": 298,
    "airportFlag": 0,
    "routeNames": {
      "1": "253 川重冷熱経由 ロクハ荘行き",
      "2": "rokuhaso",
      "3": "六波庄",
      "4": "六波莊",
      "5": null
    }
  },
  {
    "workNo": 501490,
    "position": {
      "latitude": 35.005246666667,
      "longitude": 135.97459666667
    },
    "companyNo": "tkt",
    "barrierFree": true,
    "delayMinutes": 7,
    "capacity": 27,
    "color": null,
    "passenger": 7,
    "occupancyStatus": 2,
    "device_uid": "tkt_1375",
    "device_options": null,
    "temporaryBus": 0,
    "displayExpirationTime": 1751019965,
    "startBusStopNo": 290,
    "endBusStopNo": 287,
    "airportFlag": 0,
    "routeNames": {
      "1": "153 青地・ダイキン・青山五丁目経由 上桐生行き",
      "2": "153 Aoji/Daikin/Aoyama 5 chome",
      "3": "153 青地/Daikin/青山5丁目",
      "4": "153 青地/Daikin/青山5丁目",
      "5": null
    }
  },
  {
    "workNo": 501590,
    "position": {
      "latitude": 34.98002,
      "longitude": 135.97056333333
    },
    "companyNo": "tkt",
    "barrierFree": true,
    "delayMinutes": 7,
    "capacity": 26,
    "color": null,
    "passenger": 5,
    "occupancyStatus": 1,
    "device_uid": "tkt_1124",
    "device_options": null,
    "temporaryBus": 0,
    "displayExpirationTime": 1751019966,
    "startBusStopNo": 250,
    "endBusStopNo": 237,
    "airportFlag": 0,
    "routeNames": {
      "1": "72 かがやき通り経由 松が丘五丁目行き",
      "2": "minamikusatsueki～matsugaoka-gochome（kagayaki）",
      "3": "南草津站～松之丘5丁目（辉）",
      "4": "南草津站～松之丘五丁目（輝）",
      "5": null
    }
  },
  {
    "workNo": 501617,
    "position": {
      "latitude": 34.979495,
      "longitude": 135.90094666667
    },
    "companyNo": "tkt",
    "barrierFree": true,
    "delayMinutes": -5,
    "capacity": 28,
    "color": null,
    "passenger": 0,
    "occupancyStatus": 1,
    "device_uid": "tkt_1177",
    "device_options": null,
    "temporaryBus": 0,
    "displayExpirationTime": 1751019966,
    "startBusStopNo": 118,
    "endBusStopNo": 139,
    "airportFlag": 0,
    "routeNames": {
      "1": "40 太子・東急団地入口経由 田上車庫前行き",
      "2": "ishiyama・tagamishako（ta・momiji）",
      "3": "石山·田上车库（太·红叶）",
      "4": "石山·田上車庫（太·紅葉）",
      "5": null
    }
  },
  {
    "workNo": 501774,
    "position": {
      "latitude": 34.949588333333,
      "longitude": 135.91248166667
    },
    "companyNo": "tkt",
    "barrierFree": true,
    "delayMinutes": 1,
    "capacity": 28,
    "color": null,
    "passenger": 4,
    "occupancyStatus": 1,
    "device_uid": "tkt_1277",
    "device_options": null,
    "temporaryBus": 0,
    "displayExpirationTime": 1751019967,
    "startBusStopNo": 160,
    "endBusStopNo": 118,
    "airportFlag": 0,
    "routeNames": {
      "1": "130 石居口・稲津経由 石山駅行き",
      "2": "ishiyama・tozanguchi",
      "3": "石山·登山口",
      "4": "石山·登山口",
      "5": null
    }
  },
  {
    "workNo": 501855,
    "position": {
      "latitude": 34.975596666667,
      "longitude": 135.95796833333
    },
    "companyNo": "tkt",
    "barrierFree": true,
    "delayMinutes": 2,
    "capacity": 11,
    "color": null,
    "passenger": 0,
    "occupancyStatus": 1,
    "device_uid": "tkt_421",
    "device_options": null,
    "temporaryBus": 0,
    "displayExpirationTime": 1751019965,
    "startBusStopNo": 208,
    "endBusStopNo": 419,
    "airportFlag": 0,
    "routeNames": {
      "1": "（まめバス）草津養護学校・南草津駅・草津市役所経由 草津駅東口行き",
      "2": "daigakubyoin～minamikusatsunishiguchi",
      "3": "大学医院～南草津西口",
      "4": "大學醫院～南草津西口",
      "5": null
    }
  },
  {
    "workNo": 501875,
    "position": {
      "latitude": 35.006245,
      "longitude": 136.01189666667
    },
    "companyNo": "tkt",
    "barrierFree": true,
    "delayMinutes": 7,
    "capacity": 29,
    "color": null,
    "passenger": 3,
    "occupancyStatus": 1,
    "device_uid": "tkt_1040",
    "device_options": null,
    "temporaryBus": 0,
    "displayExpirationTime": 1751019966,
    "startBusStopNo": 290,
    "endBusStopNo": 330,
    "airportFlag": 0,
    "routeNames": {
      "1": "113 図書館・栗東ニューハイツ・トレセン西住宅経由 コミュニティセンター金勝行き",
      "2": "kusatsueki～kinsho",
      "3": "草津～金胜",
      "4": "草津～金勝",
      "5": null
    }
  },
  {
    "workNo": 501994,
    "position": {
      "latitude": 34.964221666667,
      "longitude": 135.90754166667
    },
    "companyNo": "tkt",
    "barrierFree": true,
    "delayMinutes": 4,
    "capacity": 28,
    "color": null,
    "passenger": 10,
    "occupancyStatus": 3,
    "device_uid": "tkt_1109",
    "device_options": null,
    "temporaryBus": 0,
    "displayExpirationTime": 1751019967,
    "startBusStopNo": 118,
    "endBusStopNo": 139,
    "airportFlag": 0,
    "routeNames": {
      "1": "50 石居町・堂橋経由 田上車庫前行き",
      "2": "ishiyama・tagamishako（ishizuecho）",
      "3": "石山·田上车库（石居町）",
      "4": "石山·田上車庫（石居町）",
      "5": null
    }
  },
  {
    "workNo": 502094,
    "position": {
      "latitude": 34.96128,
      "longitude": 135.92590666667
    },
    "companyNo": "tkt",
    "barrierFree": true,
    "delayMinutes": 4,
    "capacity": 30,
    "color": null,
    "passenger": 2,
    "occupancyStatus": 1,
    "device_uid": "tkt_1010",
    "device_options": null,
    "temporaryBus": 0,
    "displayExpirationTime": 1751019575,
    "startBusStopNo": 118,
    "endBusStopNo": 117,
    "airportFlag": 0,
    "routeNames": {
      "1": "210 建部大社・堂経由 牧口行き",
      "2": "ishiyama・makiguchi line",
      "3": "石山·牧口线",
      "4": "石山·牧口線",
      "5": null
    }
  },
  {
    "workNo": 502232,
    "position": {
      "latitude": 35.020211666667,
      "longitude": 135.96863666667
    },
    "companyNo": "tkt",
    "barrierFree": false,
    "delayMinutes": 1,
    "capacity": 39,
    "color": null,
    "passenger": 0,
    "occupancyStatus": 1,
    "device_uid": "tkt_950",
    "device_options": null,
    "temporaryBus": 0,
    "displayExpirationTime": 1751019965,
    "startBusStopNo": 290,
    "endBusStopNo": 308,
    "airportFlag": 0,
    "routeNames": {
      "1": "453 青地・山寺経由 草津車庫前行き",
      "2": "kusatsushako line",
      "3": "草津车库线",
      "4": "草津車庫線",
      "5": null
    }
  },
  {
    "workNo": 502403,
    "position": {
      "latitude": 35.020958333333,
      "longitude": 135.96720833333
    },
    "companyNo": "tkt",
    "barrierFree": false,
    "delayMinutes": 2,
    "capacity": 16,
    "color": null,
    "passenger": 8,
    "occupancyStatus": 4,
    "device_uid": "tkt_178",
    "device_options": null,
    "temporaryBus": 0,
    "displayExpirationTime": 1751019966,
    "startBusStopNo": 290,
    "endBusStopNo": 290,
    "airportFlag": 0,
    "routeNames": {
      "1": "413 岡・栗東中学校・栗東運動公園経由 草津駅行き",
      "2": "ritto shiyakusho junkan line",
      "3": "栗东市役所循环线",
      "4": "栗東市役所循環線",
      "5": null
    }
  },
  {
    "workNo": 502410,
    "position": {
      "latitude": 35.006221666667,
      "longitude": 136.01208166667
    },
    "companyNo": "tkt",
    "barrierFree": false,
    "delayMinutes": 2,
    "capacity": 0,
    "color": null,
    "passenger": 0,
    "occupancyStatus": 0,
    "device_uid": "tkt_1455",
    "device_options": null,
    "temporaryBus": 0,
    "displayExpirationTime": 1751019966,
    "startBusStopNo": 330,
    "endBusStopNo": 290,
    "airportFlag": 0,
    "routeNames": {
      "1": "113 赤坂団地・栗東ニューハイツ・図書館経由 草津駅行き",
      "2": "kusatsueki～kinsho",
      "3": "草津～金胜",
      "4": "草津～金勝",
      "5": null
    }
  }
]