[
  {
    "url": "https://shiga-teisan.buskita.com/",
    "method": "GET",
    "headers": {
      "upgrade-insecure-requests": "1",
      "user-agent": "Mozilla/5.0 (Macintosh; Intel Mac OS X 10_15_7) AppleWebKit/537.36",
      "sec-ch-ua": "\"Not.A/Brand\";v=\"99\", \"Chromium\";v=\"136\"",
      "sec-ch-ua-mobile": "?0",
      "sec-ch-ua-platform": "\"macOS\""
    },
    "timestamp": "2025-06-15T22:34:05.945294"
  },
  {
    "url": "https://www.google-analytics.com/g/collect?v=2&tid=G-QCPN3K1M4B&gtm=45je56c0h2v870484738za200&_p=1749994440013&gcd=13l3l3l3l1l1&npa=0&dma=0&tag_exp=101509157~103116026~103200004~103233427~103351869~103351871~104617979~104617981~104661466~104661468~104718208~104736445~104736447~104748470~104748472&cid=1453567906.1749994440&ul=ja&sr=1280x720&uaa=x64&uab=64&uafvl=Not.A%252FBrand%3B99.0.0.0%7CChromium%3B136.0.7103.25&uamb=0&uam=&uap=macOS&uapv=10_15_7&uaw=0&are=1&frm=0&pscdl=noapi&_eu=AAAAAAQ&_s=3&dp=%2Fsearch&sid=1749994440&sct=1&seg=0&dl=https%3A%2F%2Fshiga-teisan.buskita.com%2F&dt=%E3%83%90%E3%82%B9%E3%82%AD%E3%82%BF%EF%BC%81%E5%B8%9D%E7%94%A3&en=user_engagement&_et=5510&tfd=6477",
    "method": "POST",
    "headers": {
      "sec-ch-ua-platform": "\"macOS\"",
      "referer": "https://shiga-teisan.buskita.com/",
      "user-agent": "Mozilla/5.0 (Macintosh; Intel Mac OS X 10_15_7) AppleWebKit/537.36",
      "sec-ch-ua": "\"Not.A/Brand\";v=\"99\", \"Chromium\";v=\"136\"",
      "sec-ch-ua-mobile": "?0"
    },
    "timestamp": "2025-06-15T22:34:05.987518"
  },
  {
    "url": "https://as.alipayobjects.com/g/component/??es6-shim/0.35.1/es6-sham.min.js,es6-shim/0.35.1/es6-shim.min.js",
    "method": "GET",
    "headers": {
      "sec-ch-ua-platform": "\"macOS\"",
      "referer": "https://shiga-teisan.buskita.com/",
      "user-agent": "Mozilla/5.0 (Macintosh; Intel Mac OS X 10_15_7) AppleWebKit/537.36",
      "sec-ch-ua": "\"Not.A/Brand\";v=\"99\", \"Chromium\";v=\"136\"",
      "sec-ch-ua-mobile": "?0"
    },
    "timestamp": "2025-06-15T22:34:06.012347"
  },
  {
    "url": "https://shiga-teisan.buskita.com/styles.a3f105d0d9a118b80fc3.css",
    "method": "GET",
    "headers": {
      "sec-ch-ua-platform": "\"macOS\"",
      "referer": "https://shiga-teisan.buskita.com/",
      "user-agent": "Mozilla/5.0 (Macintosh; Intel Mac OS X 10_15_7) AppleWebKit/537.36",
      "sec-ch-ua": "\"Not.A/Brand\";v=\"99\", \"Chromium\";v=\"136\"",
      "sec-ch-ua-mobile": "?0"
    },
    "timestamp": "2025-06-15T22:34:06.013195"
  },
  {
    "url": "https://shiga-teisan.buskita.com/runtime.a66f828dca56eeb90e02.js",
    "method": "GET",
    "headers": {
      "sec-ch-ua-platform": "\"macOS\"",
      "referer": "https://shiga-teisan.buskita.com/",
      "user-agent": "Mozilla/5.0 (Macintosh; Intel Mac OS X 10_15_7) AppleWebKit/537.36",
      "sec-ch-ua": "\"Not.A/Brand\";v=\"99\", \"Chromium\";v=\"136\"",
      "sec-ch-ua-mobile": "?0"
    },
    "timestamp": "2025-06-15T22:34:06.013664"
  },
  {
    "url": "https://shiga-teisan.buskita.com/polyfills.fa64e0dfbdd3da5491a2.js",
    "method": "GET",
    "headers": {
      "sec-ch-ua-platform": "\"macOS\"",
      "referer": "https://shiga-teisan.buskita.com/",
      "user-agent": "Mozilla/5.0 (Macintosh; Intel Mac OS X 10_15_7) AppleWebKit/537.36",
      "sec-ch-ua": "\"Not.A/Brand\";v=\"99\", \"Chromium\";v=\"136\"",
      "sec-ch-ua-mobile": "?0"
    },
    "timestamp": "2025-06-15T22:34:06.014455"
  },
  {
    "url": "https://shiga-teisan.buskita.com/scripts.a1334a0f8cd38c65ad6c.js",
    "method": "GET",
    "headers": {
      "sec-ch-ua-platform": "\"macOS\"",
      "referer": "https://shiga-teisan.buskita.com/",
      "user-agent": "Mozilla/5.0 (Macintosh; Intel Mac OS X 10_15_7) AppleWebKit/537.36",
      "sec-ch-ua": "\"Not.A/Brand\";v=\"99\", \"Chromium\";v=\"136\"",
      "sec-ch-ua-mobile": "?0"
    },
    "timestamp": "2025-06-15T22:34:06.015444"
  },
  {
    "url": "https://shiga-teisan.buskita.com/main.5ca3bcd99875ce8ccc3b.js",
    "method": "GET",
    "headers": {
      "sec-ch-ua-platform": "\"macOS\"",
      "referer": "https://shiga-teisan.buskita.com/",
      "user-agent": "Mozilla/5.0 (Macintosh; Intel Mac OS X 10_15_7) AppleWebKit/537.36",
      "sec-ch-ua": "\"Not.A/Brand\";v=\"99\", \"Chromium\";v=\"136\"",
      "sec-ch-ua-mobile": "?0"
    },
    "timestamp": "2025-06-15T22:34:06.016020"
  },
  {
    "url": "https://www.googletagmanager.com/gtag/js?G-QCPN3K1M4B",
    "method": "GET",
    "headers": {
      "sec-ch-ua-platform": "\"macOS\"",
      "referer": "https://shiga-teisan.buskita.com/",
      "user-agent": "Mozilla/5.0 (Macintosh; Intel Mac OS X 10_15_7) AppleWebKit/537.36",
      "sec-ch-ua": "\"Not.A/Brand\";v=\"99\", \"Chromium\";v=\"136\"",
      "sec-ch-ua-mobile": "?0"
    },
    "timestamp": "2025-06-15T22:34:06.050922"
  },
  {
    "url": "https://img.buskita.com/assets/img/common/progress.gif",
    "method": "GET",
    "headers": {
      "sec-ch-ua-platform": "\"macOS\"",
      "referer": "https://shiga-teisan.buskita.com/",
      "user-agent": "Mozilla/5.0 (Macintosh; Intel Mac OS X 10_15_7) AppleWebKit/537.36",
      "sec-ch-ua": "\"Not.A/Brand\";v=\"99\", \"Chromium\";v=\"136\"",
      "sec-ch-ua-mobile": "?0"
    },
    "timestamp": "2025-06-15T22:34:06.055509"
  },
  {
    "url": "https://img.buskita.com/assets/img/common/loading_img_bus.png",
    "method": "GET",
    "headers": {
      "sec-ch-ua-platform": "\"macOS\"",
      "referer": "https://shiga-teisan.buskita.com/",
      "user-agent": "Mozilla/5.0 (Macintosh; Intel Mac OS X 10_15_7) AppleWebKit/537.36",
      "sec-ch-ua": "\"Not.A/Brand\";v=\"99\", \"Chromium\";v=\"136\"",
      "sec-ch-ua-mobile": "?0"
    },
    "timestamp": "2025-06-15T22:34:06.056255"
  },
  {
    "url": "https://img.buskita.com/assets/img/common/loading_img_busstop.png",
    "method": "GET",
    "headers": {
      "sec-ch-ua-platform": "\"macOS\"",
      "referer": "https://shiga-teisan.buskita.com/",
      "user-agent": "Mozilla/5.0 (Macintosh; Intel Mac OS X 10_15_7) AppleWebKit/537.36",
      "sec-ch-ua": "\"Not.A/Brand\";v=\"99\", \"Chromium\";v=\"136\"",
      "sec-ch-ua-mobile": "?0"
    },
    "timestamp": "2025-06-15T22:34:06.057060"
  },
  {
    "url": "https://www.googletagmanager.com/gtag/js?id=G-QCPN3K1M4B&cx=c&gtm=453e56c0h2za200&tag_exp=101509157~103116026~103200004~103233427~103351869~103351871~104617979~104617981~104661466~104661468~104718208~104736445~104736447~104748470~104748472",
    "method": "GET",
    "headers": {
      "sec-ch-ua-platform": "\"macOS\"",
      "referer": "https://shiga-teisan.buskita.com/",
      "user-agent": "Mozilla/5.0 (Macintosh; Intel Mac OS X 10_15_7) AppleWebKit/537.36",
      "sec-ch-ua": "\"Not.A/Brand\";v=\"99\", \"Chromium\";v=\"136\"",
      "sec-ch-ua-mobile": "?0"
    },
    "timestamp": "2025-06-15T22:34:06.058261"
  },
  {
    "url": "https://www.google-analytics.com/g/collect?v=2&tid=G-QCPN3K1M4B&gtm=45je56c0h2v870484738za200&_p=1749994445995&gcd=13l3l3l3l1l1&npa=0&dma=0&tag_exp=101509157~103116026~103200004~103233427~103351869~103351871~104617979~104617981~104661466~104661468~104718208~104736445~104736447~104748470~104748472&cid=1453567906.1749994440&ul=ja&sr=1280x720&uaa=x64&uab=64&uafvl=Not.A%252FBrand%3B99.0.0.0%7CChromium%3B136.0.7103.25&uamb=0&uam=&uap=macOS&uapv=10_15_7&uaw=0&are=1&frm=0&pscdl=noapi&_eu=AAAAAAQ&_s=1&dp=%2Fsearch&sid=1749994440&sct=1&seg=1&dl=https%3A%2F%2Fshiga-teisan.buskita.com%2F&dt=%E3%83%90%E3%82%B9%E3%82%AD%E3%82%BF%EF%BC%81%E5%B8%9D%E7%94%A3&en=page_view&_ee=1&tfd=123",
    "method": "POST",
    "headers": {
      "sec-ch-ua-platform": "\"macOS\"",
      "referer": "https://shiga-teisan.buskita.com/",
      "user-agent": "Mozilla/5.0 (Macintosh; Intel Mac OS X 10_15_7) AppleWebKit/537.36",
      "sec-ch-ua": "\"Not.A/Brand\";v=\"99\", \"Chromium\";v=\"136\"",
      "sec-ch-ua-mobile": "?0"
    },
    "timestamp": "2025-06-15T22:34:06.067412"
  },
  {
    "url": "https://api.buskita.com/get-maintenances",
    "method": "POST",
    "headers": {
      "sec-ch-ua-platform": "\"macOS\"",
      "referer": "https://shiga-teisan.buskita.com/",
      "user-agent": "Mozilla/5.0 (Macintosh; Intel Mac OS X 10_15_7) AppleWebKit/537.36",
      "accept": "application/json, text/plain, */*",
      "sec-ch-ua": "\"Not.A/Brand\";v=\"99\", \"Chromium\";v=\"136\"",
      "content-type": "application/json",
      "sec-ch-ua-mobile": "?0"
    },
    "timestamp": "2025-06-15T22:34:06.071133"
  },
  {
    "url": "https://api.buskita.com/get-companies-dictionary",
    "method": "POST",
    "headers": {
      "sec-ch-ua-platform": "\"macOS\"",
      "referer": "https://shiga-teisan.buskita.com/",
      "user-agent": "Mozilla/5.0 (Macintosh; Intel Mac OS X 10_15_7) AppleWebKit/537.36",
      "accept": "application/json, text/plain, */*",
      "sec-ch-ua": "\"Not.A/Brand\";v=\"99\", \"Chromium\";v=\"136\"",
      "content-type": "application/json",
      "sec-ch-ua-mobile": "?0"
    },
    "timestamp": "2025-06-15T22:34:06.071434"
  },
  {
    "url": "https://api.buskita.com/get-holidays",
    "method": "POST",
    "headers": {
      "sec-ch-ua-platform": "\"macOS\"",
      "referer": "https://shiga-teisan.buskita.com/",
      "user-agent": "Mozilla/5.0 (Macintosh; Intel Mac OS X 10_15_7) AppleWebKit/537.36",
      "accept": "application/json, text/plain, */*",
      "sec-ch-ua": "\"Not.A/Brand\";v=\"99\", \"Chromium\";v=\"136\"",
      "content-type": "application/json",
      "sec-ch-ua-mobile": "?0"
    },
    "timestamp": "2025-06-15T22:34:06.071537"
  },
  {
    "url": "https://api.buskita.com/get-noriba-alias",
    "method": "POST",
    "headers": {
      "sec-ch-ua-platform": "\"macOS\"",
      "referer": "https://shiga-teisan.buskita.com/",
      "user-agent": "Mozilla/5.0 (Macintosh; Intel Mac OS X 10_15_7) AppleWebKit/537.36",
      "accept": "application/json, text/plain, */*",
      "sec-ch-ua": "\"Not.A/Brand\";v=\"99\", \"Chromium\";v=\"136\"",
      "content-type": "application/json",
      "sec-ch-ua-mobile": "?0"
    },
    "timestamp": "2025-06-15T22:34:06.071617"
  },
  {
    "url": "https://img.buskita.com/assets/img/siteid9/progress.gif",
    "method": "GET",
    "headers": {
      "sec-ch-ua-platform": "\"macOS\"",
      "referer": "https://shiga-teisan.buskita.com/",
      "user-agent": "Mozilla/5.0 (Macintosh; Intel Mac OS X 10_15_7) AppleWebKit/537.36",
      "sec-ch-ua": "\"Not.A/Brand\";v=\"99\", \"Chromium\";v=\"136\"",
      "sec-ch-ua-mobile": "?0"
    },
    "timestamp": "2025-06-15T22:34:06.078585"
  },
  {
    "url": "https://img.buskita.com/assets/img/siteid9/loading_img_bus.png",
    "method": "GET",
    "headers": {
      "sec-ch-ua-platform": "\"macOS\"",
      "referer": "https://shiga-teisan.buskita.com/",
      "user-agent": "Mozilla/5.0 (Macintosh; Intel Mac OS X 10_15_7) AppleWebKit/537.36",
      "sec-ch-ua": "\"Not.A/Brand\";v=\"99\", \"Chromium\";v=\"136\"",
      "sec-ch-ua-mobile": "?0"
    },
    "timestamp": "2025-06-15T22:34:06.078845"
  },
  {
    "url": "https://img.buskita.com/assets/img/siteid9/loading_img_busstop.png",
    "method": "GET",
    "headers": {
      "sec-ch-ua-platform": "\"macOS\"",
      "referer": "https://shiga-teisan.buskita.com/",
      "user-agent": "Mozilla/5.0 (Macintosh; Intel Mac OS X 10_15_7) AppleWebKit/537.36",
      "sec-ch-ua": "\"Not.A/Brand\";v=\"99\", \"Chromium\";v=\"136\"",
      "sec-ch-ua-mobile": "?0"
    },
    "timestamp": "2025-06-15T22:34:06.079072"
  },
  {
    "url": "https://api.buskita.com/get-ui-dictionary-version",
    "method": "POST",
    "headers": {
      "sec-ch-ua-platform": "\"macOS\"",
      "referer": "https://shiga-teisan.buskita.com/",
      "user-agent": "Mozilla/5.0 (Macintosh; Intel Mac OS X 10_15_7) AppleWebKit/537.36",
      "accept": "application/json, text/plain, */*",
      "sec-ch-ua": "\"Not.A/Brand\";v=\"99\", \"Chromium\";v=\"136\"",
      "content-type": "application/json",
      "sec-ch-ua-mobile": "?0"
    },
    "timestamp": "2025-06-15T22:34:06.122925"
  },
  {
    "url": "https://api.buskita.com/get-busstops-version",
    "method": "POST",
    "headers": {
      "sec-ch-ua-platform": "\"macOS\"",
      "referer": "https://shiga-teisan.buskita.com/",
      "user-agent": "Mozilla/5.0 (Macintosh; Intel Mac OS X 10_15_7) AppleWebKit/537.36",
      "accept": "application/json, text/plain, */*",
      "sec-ch-ua": "\"Not.A/Brand\";v=\"99\", \"Chromium\";v=\"136\"",
      "content-type": "application/json",
      "sec-ch-ua-mobile": "?0"
    },
    "timestamp": "2025-06-15T22:34:06.123099"
  },
  {
    "url": "https://api.buskita.com/get-landmarks-dictionary",
    "method": "POST",
    "headers": {
      "sec-ch-ua-platform": "\"macOS\"",
      "referer": "https://shiga-teisan.buskita.com/",
      "user-agent": "Mozilla/5.0 (Macintosh; Intel Mac OS X 10_15_7) AppleWebKit/537.36",
      "accept": "application/json, text/plain, */*",
      "sec-ch-ua": "\"Not.A/Brand\";v=\"99\", \"Chromium\";v=\"136\"",
      "content-type": "application/json",
      "sec-ch-ua-mobile": "?0"
    },
    "timestamp": "2025-06-15T22:34:06.123245"
  },
  {
    "url": "https://img.buskita.com/assets/img/siteid9/banners/tkt_timetable.jpg",
    "method": "GET",
    "headers": {
      "sec-ch-ua-platform": "\"macOS\"",
      "referer": "https://shiga-teisan.buskita.com/",
      "user-agent": "Mozilla/5.0 (Macintosh; Intel Mac OS X 10_15_7) AppleWebKit/537.36",
      "sec-ch-ua": "\"Not.A/Brand\";v=\"99\", \"Chromium\";v=\"136\"",
      "sec-ch-ua-mobile": "?0"
    },
    "timestamp": "2025-06-15T22:34:06.283502"
  },
  {
    "url": "https://img.buskita.com/assets/img/common/banners/ban_foot_spacer.png",
    "method": "GET",
    "headers": {
      "sec-ch-ua-platform": "\"macOS\"",
      "referer": "https://shiga-teisan.buskita.com/",
      "user-agent": "Mozilla/5.0 (Macintosh; Intel Mac OS X 10_15_7) AppleWebKit/537.36",
      "sec-ch-ua": "\"Not.A/Brand\";v=\"99\", \"Chromium\";v=\"136\"",
      "sec-ch-ua-mobile": "?0"
    },
    "timestamp": "2025-06-15T22:34:06.284133"
  },
  {
    "url": "https://img.buskita.com/assets/img/siteid9/logo_main_buskita.png",
    "method": "GET",
    "headers": {
      "sec-ch-ua-platform": "\"macOS\"",
      "referer": "https://shiga-teisan.buskita.com/",
      "user-agent": "Mozilla/5.0 (Macintosh; Intel Mac OS X 10_15_7) AppleWebKit/537.36",
      "sec-ch-ua": "\"Not.A/Brand\";v=\"99\", \"Chromium\";v=\"136\"",
      "sec-ch-ua-mobile": "?0"
    },
    "timestamp": "2025-06-15T22:34:06.284454"
  },
  {
    "url": "https://img.buskita.com/assets/img/siteid9/icon_reverse_direction.png",
    "method": "GET",
    "headers": {
      "sec-ch-ua-platform": "\"macOS\"",
      "referer": "https://shiga-teisan.buskita.com/",
      "user-agent": "Mozilla/5.0 (Macintosh; Intel Mac OS X 10_15_7) AppleWebKit/537.36",
      "sec-ch-ua": "\"Not.A/Brand\";v=\"99\", \"Chromium\";v=\"136\"",
      "sec-ch-ua-mobile": "?0"
    },
    "timestamp": "2025-06-15T22:34:06.284734"
  },
  {
    "url": "https://img.buskita.com/assets/img/siteid9/icon_gray_clock.png",
    "method": "GET",
    "headers": {
      "sec-ch-ua-platform": "\"macOS\"",
      "referer": "https://shiga-teisan.buskita.com/",
      "user-agent": "Mozilla/5.0 (Macintosh; Intel Mac OS X 10_15_7) AppleWebKit/537.36",
      "sec-ch-ua": "\"Not.A/Brand\";v=\"99\", \"Chromium\";v=\"136\"",
      "sec-ch-ua-mobile": "?0"
    },
    "timestamp": "2025-06-15T22:34:06.285118"
  },
  {
    "url": "https://img.buskita.com/assets/img/siteid9/footer_menu/btn_foot_search_on.png",
    "method": "GET",
    "headers": {
      "sec-ch-ua-platform": "\"macOS\"",
      "referer": "https://shiga-teisan.buskita.com/",
      "user-agent": "Mozilla/5.0 (Macintosh; Intel Mac OS X 10_15_7) AppleWebKit/537.36",
      "sec-ch-ua": "\"Not.A/Brand\";v=\"99\", \"Chromium\";v=\"136\"",
      "sec-ch-ua-mobile": "?0"
    },
    "timestamp": "2025-06-15T22:34:06.285328"
  },
  {
    "url": "https://img.buskita.com/assets/img/siteid9/footer_menu/btn_foot_bus_off.png",
    "method": "GET",
    "headers": {
      "sec-ch-ua-platform": "\"macOS\"",
      "referer": "https://shiga-teisan.buskita.com/",
      "user-agent": "Mozilla/5.0 (Macintosh; Intel Mac OS X 10_15_7) AppleWebKit/537.36",
      "sec-ch-ua": "\"Not.A/Brand\";v=\"99\", \"Chromium\";v=\"136\"",
      "sec-ch-ua-mobile": "?0"
    },
    "timestamp": "2025-06-15T22:34:06.285580"
  },
  {
    "url": "https://img.buskita.com/assets/img/siteid9/footer_menu/btn_foot_map_off.png",
    "method": "GET",
    "headers": {
      "sec-ch-ua-platform": "\"macOS\"",
      "referer": "https://shiga-teisan.buskita.com/",
      "user-agent": "Mozilla/5.0 (Macintosh; Intel Mac OS X 10_15_7) AppleWebKit/537.36",
      "sec-ch-ua": "\"Not.A/Brand\";v=\"99\", \"Chromium\";v=\"136\"",
      "sec-ch-ua-mobile": "?0"
    },
    "timestamp": "2025-06-15T22:34:06.285834"
  },
  {
    "url": "https://img.buskita.com/assets/img/siteid9/footer_menu/btn_foot_clock_off.png",
    "method": "GET",
    "headers": {
      "sec-ch-ua-platform": "\"macOS\"",
      "referer": "https://shiga-teisan.buskita.com/",
      "user-agent": "Mozilla/5.0 (Macintosh; Intel Mac OS X 10_15_7) AppleWebKit/537.36",
      "sec-ch-ua": "\"Not.A/Brand\";v=\"99\", \"Chromium\";v=\"136\"",
      "sec-ch-ua-mobile": "?0"
    },
    "timestamp": "2025-06-15T22:34:06.286050"
  },
  {
    "url": "https://img.buskita.com/assets/img/siteid9/footer_menu/btn_foot_etc_off.png",
    "method": "GET",
    "headers": {
      "sec-ch-ua-platform": "\"macOS\"",
      "referer": "https://shiga-teisan.buskita.com/",
      "user-agent": "Mozilla/5.0 (Macintosh; Intel Mac OS X 10_15_7) AppleWebKit/537.36",
      "sec-ch-ua": "\"Not.A/Brand\";v=\"99\", \"Chromium\";v=\"136\"",
      "sec-ch-ua-mobile": "?0"
    },
    "timestamp": "2025-06-15T22:34:06.286431"
  },
  {
    "url": "https://api.buskita.com/get-busstops-group",
    "method": "POST",
    "headers": {
      "sec-ch-ua-platform": "\"macOS\"",
      "referer": "https://shiga-teisan.buskita.com/",
      "user-agent": "Mozilla/5.0 (Macintosh; Intel Mac OS X 10_15_7) AppleWebKit/537.36",
      "accept": "application/json, text/plain, */*",
      "sec-ch-ua": "\"Not.A/Brand\";v=\"99\", \"Chromium\";v=\"136\"",
      "content-type": "application/json",
      "sec-ch-ua-mobile": "?0"
    },
    "timestamp": "2025-06-15T22:34:06.321547"
  },
  {
    "url": "https://api.buskita.com/get-dialog-informations",
    "method": "POST",
    "headers": {
      "sec-ch-ua-platform": "\"macOS\"",
      "referer": "https://shiga-teisan.buskita.com/",
      "user-agent": "Mozilla/5.0 (Macintosh; Intel Mac OS X 10_15_7) AppleWebKit/537.36",
      "accept": "application/json, text/plain, */*",
      "sec-ch-ua": "\"Not.A/Brand\";v=\"99\", \"Chromium\";v=\"136\"",
      "content-type": "application/json",
      "sec-ch-ua-mobile": "?0"
    },
    "timestamp": "2025-06-15T22:34:06.323609"
  },
  {
    "url": "https://api.buskita.com/get-busstops-grouping",
    "method": "POST",
    "headers": {
      "sec-ch-ua-platform": "\"macOS\"",
      "referer": "https://shiga-teisan.buskita.com/",
      "user-agent": "Mozilla/5.0 (Macintosh; Intel Mac OS X 10_15_7) AppleWebKit/537.36",
      "accept": "application/json, text/plain, */*",
      "sec-ch-ua": "\"Not.A/Brand\";v=\"99\", \"Chromium\";v=\"136\"",
      "content-type": "application/json",
      "sec-ch-ua-mobile": "?0"
    },
    "timestamp": "2025-06-15T22:34:06.446585"
  },
  {
    "url": "https://api.buskita.com/get-dialog-informations",
    "method": "POST",
    "headers": {
      "sec-ch-ua-platform": "\"macOS\"",
      "referer": "https://shiga-teisan.buskita.com/",
      "user-agent": "Mozilla/5.0 (Macintosh; Intel Mac OS X 10_15_7) AppleWebKit/537.36",
      "accept": "application/json, text/plain, */*",
      "sec-ch-ua": "\"Not.A/Brand\";v=\"99\", \"Chromium\";v=\"136\"",
      "content-type": "application/json",
      "sec-ch-ua-mobile": "?0"
    },
    "timestamp": "2025-06-15T22:34:06.453562"
  }
]