{
  "get-maintenances": {
    "maintenances": []
  },
  "get-companies-dictionary": {
    "language": 1,
    "companiesDictionary": [
      {
        "company_no": "jhb",
        "name": "JR北海道バス",
        "shortName": "JHB",
        "fgcc": "#ffffff",
        "bgcc": "#68bdeb"
      },
      {
        "company_no": "ksb",
        "name": "琴参バス",
        "shortName": "琴参バス",
        "fgcc": "#000000",
        "bgcc": "#00FF00"
      },
      {
        "company_no": "bnk",
        "name": "ばんけいバス",
        "shortName": "Ban.K",
        "fgcc": "#000000",
        "bgcc": "#FF8080"
      },
      {
        "company_no": "fsb",
        "name": "富士急静岡バス",
        "shortName": "富士急静岡",
        "fgcc": "#000000",
        "bgcc": "#e73717"
      },
      {
        "company_no": "hct",
        "name": "函館市電",
        "shortName": "函館市電",
        "fgcc": "#ffffff",
        "bgcc": "#68bdeb"
      },
      {
        "company_no": "jtb",
        "name": "じょうてつバス",
        "shortName": "じょうてつ",
        "fgcc": "#ffffff",
        "bgcc": "#68bdeb"
      },
      {
        "company_no": "adk",
        "name": "旭川電気軌道",
        "shortName": "電気",
        "fgcc": "#ffffff",
        "bgcc": "#e14218"
      },
      {
        "company_no": "dhb",
        "name": "道北バス",
        "shortName": "道北",
        "fgcc": "#ffffff",
        "bgcc": "#6cb700"
      },
      {
        "company_no": "frn",
        "name": "ふらのバス",
        "shortName": "ふらの",
        "fgcc": "#ffffff",
        "bgcc": "#784c9f"
      },
      {
        "company_no": "tkt",
        "name": "帝産湖南交通",
        "shortName": "帝産湖南",
        "fgcc": "#000000",
        "bgcc": "#f4a14e"
      },
      {
        "company_no": "fcb",
        "name": "富士急シティバス",
        "shortName": "富士急シティバス",
        "fgcc": "#000000",
        "bgcc": "#e73717"
      },
      {
        "company_no": "fxc",
        "name": "フジエクスプレスちぃばす",
        "shortName": "ちぃばす",
        "fgcc": "#000000",
        "bgcc": "#3f5aa0"
      },
      {
        "company_no": "fjb",
        "name": "富士急バス",
        "shortName": "富士急",
        "fgcc": "#ffffff",
        "bgcc": "#e83416"
      },
      {
        "company_no": "ymk",
        "name": "山梨交通",
        "shortName": "山梨交通",
        "fgcc": "#464a8a",
        "bgcc": "#e8f6f9"
      },
      {
        "company_no": "don",
        "name": "道南バス",
        "shortName": "道南",
        "fgcc": "#ffffff",
        "bgcc": "#784c9f"
      },
      {
        "company_no": "frnd",
        "name": "ふらのバス観光周遊シャトル",
        "shortName": "ふらの",
        "fgcc": "#ffffff",
        "bgcc": "#784c9f"
      },
      {
        "company_no": "ctb",
        "name": "千歳相互観光バス ",
        "shortName": "千歳",
        "fgcc": "#ffffff",
        "bgcc": "#227486"
      },
      {
        "company_no": "igr",
        "name": "いわて銀河鉄道",
        "shortName": "IGR",
        "fgcc": "#ffffff",
        "bgcc": "#227486"
      },
      {
        "company_no": "rkc",
        "name": "蘭越町コミュニティ",
        "shortName": "蘭越",
        "fgcc": "#ffffff",
        "bgcc": "#227486"
      },
      {
        "company_no": "kcc",
        "name": "倶知安町コミュニティ",
        "shortName": "倶知安",
        "fgcc": "#ffffff",
        "bgcc": "#227486"
      },
      {
        "company_no": "nkb",
        "name": "ニセコバス",
        "shortName": "ニセコバス",
        "fgcc": "#ffffff",
        "bgcc": "#227486"
      },
      {
        "company_no": "fsy",
        "name": "富士急バスコンシェルジュ  ",
        "shortName": "モビリティ",
        "fgcc": "#ffffff",
        "bgcc": "#227486"
      },
      {
        "company_no": "jpk",
        "name": "日本交通",
        "shortName": "日本交通",
        "fgcc": "#ffffff",
        "bgcc": "#c12200"
      },
      {
        "company_no": "fmo",
        "name": "富士急モビリティ",
        "shortName": "モビリティ",
        "fgcc": "#ffffff",
        "bgcc": "#fa404d"
      },
      {
        "company_no": "hmj",
        "name": "日ノ丸自動車",
        "shortName": "日ノ丸",
        "fgcc": "#ffffff",
        "bgcc": "#c12200"
      },
      {
        "company_no": "mfr",
        "name": "南富良野町営バス",
        "shortName": "南富良野町",
        "fgcc": "#ffffff",
        "bgcc": "#003366"
      },
      {
        "company_no": "test_01",
        "name": "MM_TEST",
        "shortName": "テスト",
        "fgcc": null,
        "bgcc": null
      },
      {
        "company_no": "hkt",
        "name": "北都交通",
        "shortName": "北都",
        "fgcc": "#ffffff",
        "bgcc": "#00572f"
      },
      {
        "company_no": "fkt",
        "name": "富士交通",
        "shortName": "富士交通",
        "fgcc": "#ffffff",
        "bgcc": "#191970"
      }
    ]
  },
  "get-holidays": {
    "holidays": {
      "tkt": [
        {
          "date": "2025/07/21"
        },
        {
          "date": "2025/08/11"
        },
        {
          "date": "2025/09/15"
        },
        {
          "date": "2025/09/23"
        },
        {
          "date": "2025/10/13"
        },
        {
          "date": "2025/11/03"
        },
        {
          "date": "2025/11/23"
        },
        {
          "date": "2025/11/24"
        }
      ]
    }
  },
  "get-noriba-alias": {
    "isCached": true,
    "aliases": [],
    "language": 1
  },
  "get-ui-dictionary-version": {
    "uiDictionaryVersion": 3,
    "language": 1
  },
  "get-busstops-version": {
    "busstopsDictionaryVersion": 3,
    "language": 1
  },
  "get-landmarks-dictionary": {
    "landmarksDictionary": [
      {
        "id": 326,
        "name": "滋賀県立図書館",
        "imageUrl": "",
        "informationUrl": "",
        "position": {
          "latitude": "34.970799",
          "longitude": "135.943091"
        },
        "category": {
          "category": null,
          "categoryName": null,
          "categoryMapUrl": null
        }
      },
      {
        "id": 301,
        "name": "大津地方法務局草津証明サービスセンター",
        "imageUrl": "",
        "informationUrl": "",
        "position": {
          "latitude": "35.015292",
          "longitude": "135.96173"
        },
        "category": {
          "category": null,
          "categoryName": null,
          "categoryMapUrl": null
        }
      },
      {
        "id": 302,
        "name": "滋賀県中央子ども家庭相談センター",
        "imageUrl": "",
        "informationUrl": "",
        "position": {
          "latitude": "34.975329",
          "longitude": "135.954701"
        },
        "category": {
          "category": null,
          "categoryName": null,
          "categoryMapUrl": null
        }
      },
      {
        "id": 303,
        "name": "京都税関支署滋賀出張所",
        "imageUrl": "",
        "informationUrl": "",
        "position": {
          "latitude": "35.019477",
          "longitude": "135.967833"
        },
        "category": {
          "category": null,
          "categoryName": null,
          "categoryMapUrl": null
        }
      },
      {
        "id": 304,
        "name": "草津市役所",
        "imageUrl": "",
        "informationUrl": "",
        "position": {
          "latitude": "35.013158",
          "longitude": "135.959952"
        },
        "category": {
          "category": null,
          "categoryName": null,
          "categoryMapUrl": null
        }
      },
      {
        "id": 306,
        "name": "大津市役所 市民部瀬田東市民センター",
        "imageUrl": "",
        "informationUrl": "",
        "position": {
          "latitude": "34.984898",
          "longitude": "135.934522"
        },
        "category": {
          "category": null,
          "categoryName": null,
          "categoryMapUrl": null
        }
      },
      {
        "id": 307,
        "name": "栗東市役所",
        "imageUrl": "",
        "informationUrl": "",
        "position": {
          "latitude": "35.022077",
          "longitude": "135.996822"
        },
        "category": {
          "category": null,
          "categoryName": null,
          "categoryMapUrl": null
        }
      },
      {
        "id": 308,
        "name": "甲賀市役所 信楽支所",
        "imageUrl": "",
        "informationUrl": "",
        "position": {
          "latitude": "34.878275",
          "longitude": "136.058823"
        },
        "category": {
          "category": null,
          "categoryName": null,
          "categoryMapUrl": null
        }
      },
      {
        "id": 309,
        "name": "大津市役所 市民部瀬田南市民センター",
        "imageUrl": "",
        "informationUrl": "",
        "position": {
          "latitude": "34.971317",
          "longitude": "135.914194"
        },
        "category": {
          "category": null,
          "categoryName": null,
          "categoryMapUrl": null
        }
      },
      {
        "id": 313,
        "name": "放送大学滋賀学習センター",
        "imageUrl": "",
        "informationUrl": "",
        "position": {
          "latitude": "34.964307",
          "longitude": "135.939629"
        },
        "category": {
          "category": null,
          "categoryName": null,
          "categoryMapUrl": null
        }
      },
      {
        "id": 314,
        "name": "龍谷大学",
        "imageUrl": "",
        "informationUrl": "",
        "position": {
          "latitude": "34.964307",
          "longitude": "135.939629"
        },
        "category": {
          "category": null,
          "categoryName": null,
          "categoryMapUrl": null
        }
      },
      {
        "id": 315,
        "name": "玉川高等学校",
        "imageUrl": "",
        "informationUrl": "",
        "position": {
          "latitude": "34.993879",
          "longitude": "135.959753"
        },
        "category": {
          "category": null,
          "categoryName": null,
          "categoryMapUrl": null
        }
      },
      {
        "id": 316,
        "name": "東大津高等学校",
        "imageUrl": "",
        "informationUrl": "",
        "position": {
          "latitude": "34.97118",
          "longitude": "135.945492"
        },
        "category": {
          "category": null,
          "categoryName": null,
          "categoryMapUrl": null
        }
      },
      {
        "id": 317,
        "name": "滋賀県立栗東高等学校",
        "imageUrl": "",
        "informationUrl": "",
        "position": {
          "latitude": "35.022502",
          "longitude": "136.006509"
        },
        "category": {
          "category": null,
          "categoryName": null,
          "categoryMapUrl": null
        }
      },
      {
        "id": 318,
        "name": "瀬田工業高等学校",
        "imageUrl": "",
        "informationUrl": "",
        "position": {
          "latitude": "34.970694",
          "longitude": "135.911941"
        },
        "category": {
          "category": null,
          "categoryName": null,
          "categoryMapUrl": null
        }
      },
      {
        "id": 319,
        "name": "びわこ文化公園文化ゾーン",
        "imageUrl": "",
        "informationUrl": "",
        "position": {
          "latitude": "34.970799",
          "longitude": "135.943091"
        },
        "category": {
          "category": null,
          "categoryName": null,
          "categoryMapUrl": null
        }
      },
      {
        "id": 320,
        "name": "滋賀県立近代美術館",
        "imageUrl": "",
        "informationUrl": "",
        "position": {
          "latitude": "34.970799",
          "longitude": "135.943091"
        },
        "category": {
          "category": null,
          "categoryName": null,
          "categoryMapUrl": null
        }
      },
      {
        "id": 321,
        "name": "栗東歴史民俗博物館",
        "imageUrl": "",
        "informationUrl": "",
        "position": {
          "latitude": "35.017976",
          "longitude": "136.008873"
        },
        "category": {
          "category": null,
          "categoryName": null,
          "categoryMapUrl": null
        }
      },
      {
        "id": 322,
        "name": "ＭＩＨＯミュージアム",
        "imageUrl": "",
        "informationUrl": "",
        "position": {
          "latitude": "34.915",
          "longitude": "136.016415"
        },
        "category": {
          "category": null,
          "categoryName": null,
          "categoryMapUrl": null
        }
      },
      {
        "id": 323,
        "name": "滋賀県立陶芸の森",
        "imageUrl": "",
        "informationUrl": "",
        "position": {
          "latitude": "34.884773",
          "longitude": "136.057822"
        },
        "category": {
          "category": null,
          "categoryName": null,
          "categoryMapUrl": null
        }
      },
      {
        "id": 324,
        "name": "甲賀市信楽伝統産業会館",
        "imageUrl": "",
        "informationUrl": "",
        "position": {
          "latitude": "34.878624",
          "longitude": "136.05638"
        },
        "category": {
          "category": null,
          "categoryName": null,
          "categoryMapUrl": null
        }
      },
      {
        "id": 325,
        "name": "栗東市立 図書館",
        "imageUrl": "",
        "informationUrl": "",
        "position": {
          "latitude": "35.016887",
          "longitude": "136.008867"
        },
        "category": {
          "category": null,
          "categoryName": null,
          "categoryMapUrl": null
        }
      },
      {
        "id": 312,
        "name": "京都大学 生態学研究センター",
        "imageUrl": "",
        "informationUrl": "",
        "position": {
          "latitude": "34.970865",
          "longitude": "135.958292"
        },
        "category": {
          "category": null,
          "categoryName": null,
          "categoryMapUrl": null
        }
      },
      {
        "id": 305,
        "name": "草津市役所 クリーンセンター",
        "imageUrl": "",
        "informationUrl": "",
        "position": {
          "latitude": "34.984012",
          "longitude": "135.981097"
        },
        "category": {
          "category": null,
          "categoryName": null,
          "categoryMapUrl": null
        }
      },
      {
        "id": 327,
        "name": "草津市立 南草津図書館",
        "imageUrl": "",
        "informationUrl": "",
        "position": {
          "latitude": "35.002984",
          "longitude": "135.947673"
        },
        "category": {
          "category": null,
          "categoryName": null,
          "categoryMapUrl": null
        }
      },
      {
        "id": 328,
        "name": "南草津病院",
        "imageUrl": "",
        "informationUrl": "",
        "position": {
          "latitude": "35.002071",
          "longitude": "135.951526"
        },
        "category": {
          "category": null,
          "categoryName": null,
          "categoryMapUrl": null
        }
      },
      {
        "id": 329,
        "name": "近江草津徳洲会病院",
        "imageUrl": "",
        "informationUrl": "",
        "position": {
          "latitude": "35.001314",
          "longitude": "135.957148"
        },
        "category": {
          "category": null,
          "categoryName": null,
          "categoryMapUrl": null
        }
      },
      {
        "id": 330,
        "name": "滋賀県立精神保健総合センター",
        "imageUrl": "",
        "informationUrl": "",
        "position": {
          "latitude": "34.974838",
          "longitude": "135.958563"
        },
        "category": {
          "category": null,
          "categoryName": null,
          "categoryMapUrl": null
        }
      },
      {
        "id": 331,
        "name": "滋賀医科大学病院",
        "imageUrl": "",
        "informationUrl": "",
        "position": {
          "latitude": "34.973333",
          "longitude": "135.951523"
        },
        "category": {
          "category": null,
          "categoryName": null,
          "categoryMapUrl": null
        }
      },
      {
        "id": 310,
        "name": "立命館大学びわこ・くさつキャンパス",
        "imageUrl": "",
        "informationUrl": "",
        "position": {
          "latitude": "34.9815964",
          "longitude": "135.9622617"
        },
        "category": {
          "category": null,
          "categoryName": null,
          "categoryMapUrl": null
        }
      }
    ],
    "language": 1
  },
  "get-busstops-group": {
    "groups": [
      {
        "id": 1,
        "group_name": "旭川駅周辺"
      },
      {
        "id": 3,
        "group_name": "甲府駅南口"
      }
    ],
    "version": 0,
    "language": 1
  },
  "get-dialog-informations": {
    "informations": [
      {
        "id": 751,
        "title": "【４月１日から】大津市内(石山駅方面)の一部区間の運賃変更について",
        "body": "大津市内で運行している他社路線バスの運賃改定実施に合わせまして、\r\n弊社路線バスにつきましても運賃の変更を行います。\r\nご利用の皆様におかれましては大変なご不便をおかけいたしますが、\r\n何卒ご理解賜りますようお願い申し上げます。",
        "targetUrl": "https://shiga-teisan.co.jp/2025/02/07/teisaninfo20250207/",
        "published": "2025-02-07T17:15:00+09:00"
      }
    ],
    "laguage": 1
  },
  "get-busstops-grouping": {
    "groupings": [
      {
        "company_no": "adk",
        "bus_stop_no": 14,
        "group_id": 1
      },
      {
        "company_no": "adk",
        "bus_stop_no": 51,
        "group_id": 1
      },
      {
        "company_no": "adk",
        "bus_stop_no": 167,
        "group_id": 1
      },
      {
        "company_no": "adk",
        "bus_stop_no": 419,
        "group_id": 1
      },
      {
        "company_no": "adk",
        "bus_stop_no": 606,
        "group_id": 1
      },
      {
        "company_no": "dhb",
        "bus_stop_no": 10,
        "group_id": 1
      },
      {
        "company_no": "dhb",
        "bus_stop_no": 440,
        "group_id": 1
      },
      {
        "company_no": "dhb",
        "bus_stop_no": 441,
        "group_id": 1
      },
      {
        "company_no": "frn",
        "bus_stop_no": 9023,
        "group_id": 1
      },
      {
        "company_no": "ymk",
        "bus_stop_no": 117,
        "group_id": 3
      },
      {
        "company_no": "fjb",
        "bus_stop_no": 199,
        "group_id": 3
      }
    ],
    "version": 0,
    "language": 1
  }
}