{
  "groupings": [
    {
      "company_no": "adk",
      "bus_stop_no": 14,
      "group_id": 1
    },
    {
      "company_no": "adk",
      "bus_stop_no": 51,
      "group_id": 1
    },
    {
      "company_no": "adk",
      "bus_stop_no": 167,
      "group_id": 1
    },
    {
      "company_no": "adk",
      "bus_stop_no": 419,
      "group_id": 1
    },
    {
      "company_no": "adk",
      "bus_stop_no": 606,
      "group_id": 1
    },
    {
      "company_no": "dhb",
      "bus_stop_no": 10,
      "group_id": 1
    },
    {
      "company_no": "dhb",
      "bus_stop_no": 440,
      "group_id": 1
    },
    {
      "company_no": "dhb",
      "bus_stop_no": 441,
      "group_id": 1
    },
    {
      "company_no": "frn",
      "bus_stop_no": 9023,
      "group_id": 1
    },
    {
      "company_no": "ymk",
      "bus_stop_no": 117,
      "group_id": 3
    },
    {
      "company_no": "fjb",
      "bus_stop_no": 199,
      "group_id": 3
    }
  ],
  "version": 0,
  "language": 1
}