{
  "seta_to_univ": {
    "routeName": "瀬田駅 → 龍谷大学",
    "schedules": {
      "weekdays": [
        { "time": "06:34", "is_direct": false },
        { "time": "07:07", "is_direct": false },
        { "time": "07:35", "is_direct": false },
        { "time": "07:56", "is_direct": false },
        { "time": "08:05", "is_direct": false },
        { "time": "08:15", "is_direct": true },
        { "time": "08:17", "is_direct": false },
        { "time": "08:29", "is_direct": false },
        { "time": "08:39", "is_direct": false },
        { "time": "08:44", "is_direct": false },
        { "time": "08:51", "is_direct": false },
        { "time": "08:54", "is_direct": false },
        { "time": "08:58", "is_direct": false },
        { "time": "09:01", "is_direct": false },
        { "time": "09:09", "is_direct": true },
        { "time": "09:12", "is_direct": false },
        { "time": "09:21", "is_direct": false },
        { "time": "09:38", "is_direct": false },
        { "time": "09:57", "is_direct": true },
        { "time": "10:09", "is_direct": false },
        { "time": "10:15", "is_direct": true },
        { "time": "10:19", "is_direct": false },
        { "time": "10:24", "is_direct": true },
        { "time": "10:27", "is_direct": true },
        { "time": "10:30", "is_direct": true },
        { "time": "10:33", "is_direct": true },
        { "time": "10:36", "is_direct": true },
        { "time": "10:39", "is_direct": true },
        { "time": "10:40", "is_direct": true },
        { "time": "10:42", "is_direct": false },
        { "time": "10:46", "is_direct": true },
        { "time": "10:49", "is_direct": true },
        { "time": "10:52", "is_direct": false },
        { "time": "10:58", "is_direct": true },
        { "time": "11:00", "is_direct": false },
        { "time": "11:15", "is_direct": false },
        { "time": "11:30", "is_direct": false },
        { "time": "11:43", "is_direct": true },
        { "time": "11:45", "is_direct": false },
        { "time": "11:54", "is_direct": true },
        { "time": "11:58", "is_direct": true },
        { "time": "12:00", "is_direct": false },
        { "time": "12:13", "is_direct": true },
        { "time": "12:15", "is_direct": false },
        { "time": "12:30", "is_direct": false },
        { "time": "12:45", "is_direct": false },
        { "time": "13:00", "is_direct": false },
        { "time": "13:16", "is_direct": false },
        { "time": "13:30", "is_direct": false },
        { "time": "13:45", "is_direct": false },
        { "time": "14:00", "is_direct": false },
        { "time": "14:16", "is_direct": false },
        { "time": "14:30", "is_direct": false },
        { "time": "14:43", "is_direct": true },
        { "time": "14:45", "is_direct": false },
        { "time": "15:00", "is_direct": false },
        { "time": "15:15", "is_direct": false },
        { "time": "15:30", "is_direct": false },
        { "time": "16:00", "is_direct": false },
        { "time": "16:15", "is_direct": false },
        { "time": "16:30", "is_direct": false },
        { "time": "17:02", "is_direct": false },
        { "time": "17:17", "is_direct": false },
        { "time": "17:32", "is_direct": false },
        { "time": "18:02", "is_direct": false },
        { "time": "18:17", "is_direct": false },
        { "time": "18:32", "is_direct": false },
        { "time": "19:02", "is_direct": false },
        { "time": "19:17", "is_direct": false },
        { "time": "19:32", "is_direct": false },
        { "time": "20:02", "is_direct": false },
        { "time": "20:17", "is_direct": false }
      ],
      "saturdays": [
        { "time": "07:07", "is_direct": false },
        { "time": "07:21", "is_direct": false },
        { "time": "07:38", "is_direct": false },
        { "time": "07:55", "is_direct": false },
        { "time": "08:15", "is_direct": false },
        { "time": "08:30", "is_direct": false },
        { "time": "08:45", "is_direct": false },
        { "time": "09:00", "is_direct": false },
        { "time": "09:16", "is_direct": false },
        { "time": "09:30", "is_direct": false },
        { "time": "09:47", "is_direct": false },
        { "time": "09:59", "is_direct": false },
        { "time": "10:16", "is_direct": false },
        { "time": "10:29", "is_direct": false },
        { "time": "10:45", "is_direct": false },
        { "time": "11:00", "is_direct": false },
        { "time": "11:30", "is_direct": false },
        { "time": "11:46", "is_direct": false },
        { "time": "12:00", "is_direct": false },
        { "time": "12:16", "is_direct": false },
        { "time": "12:30", "is_direct": false },
        { "time": "12:46", "is_direct": false },
        { "time": "13:00", "is_direct": false },
        { "time": "13:30", "is_direct": false },
        { "time": "14:00", "is_direct": false },
        { "time": "14:30", "is_direct": false },
        { "time": "14:46", "is_direct": false },
        { "time": "15:00", "is_direct": false },
        { "time": "15:30", "is_direct": false },
        { "time": "16:00", "is_direct": false },
        { "time": "16:32", "is_direct": false },
        { "time": "17:02", "is_direct": false },
        { "time": "17:32", "is_direct": false },
        { "time": "18:05", "is_direct": false },
        { "time": "18:32", "is_direct": false }
      ],
      "holidays": [
        { "time": "07:07", "is_direct": false },
        { "time": "07:21", "is_direct": false },
        { "time": "07:38", "is_direct": false },
        { "time": "07:55", "is_direct": false },
        { "time": "08:15", "is_direct": false },
        { "time": "08:45", "is_direct": false },
        { "time": "09:00", "is_direct": false },
        { "time": "09:16", "is_direct": false },
        { "time": "09:30", "is_direct": false },
        { "time": "09:47", "is_direct": false },
        { "time": "09:59", "is_direct": false },
        { "time": "10:30", "is_direct": false },
        { "time": "10:45", "is_direct": false },
        { "time": "11:00", "is_direct": false },
        { "time": "11:30", "is_direct": false },
        { "time": "11:46", "is_direct": false },
        { "time": "12:00", "is_direct": false },
        { "time": "12:30", "is_direct": false },
        { "time": "12:46", "is_direct": false },
        { "time": "13:00", "is_direct": false },
        { "time": "13:30", "is_direct": false },
        { "time": "14:00", "is_direct": false },
        { "time": "14:30", "is_direct": false },
        { "time": "14:46", "is_direct": false },
        { "time": "15:00", "is_direct": false },
        { "time": "15:30", "is_direct": false },
        { "time": "16:00", "is_direct": false },
        { "time": "16:32", "is_direct": false },
        { "time": "17:02", "is_direct": false },
        { "time": "17:32", "is_direct": false },
        { "time": "18:05", "is_direct": false },
        { "time": "18:32", "is_direct": false }
      ]
    }
  },
  "univ_to_seta": {
    "routeName": "龍谷大学 → 瀬田駅",
    "schedules": {
      "weekdays": [
        { "time": "07:09", "is_direct": false },
        { "time": "07:29", "is_direct": false },
        { "time": "07:49", "is_direct": false },
        { "time": "08:15", "is_direct": false },
        { "time": "09:15", "is_direct": false },
        { "time": "09:44", "is_direct": false },
        { "time": "10:15", "is_direct": false },
        { "time": "10:48", "is_direct": false },
        { "time": "10:56", "is_direct": false },
        { "time": "11:00", "is_direct": false },
        { "time": "11:15", "is_direct": false },
        { "time": "11:30", "is_direct": false },
        { "time": "11:45", "is_direct": false },
        { "time": "12:01", "is_direct": false },
        { "time": "12:15", "is_direct": false },
        { "time": "12:28", "is_direct": true },
        { "time": "12:33", "is_direct": false },
        { "time": "12:38", "is_direct": true },
        { "time": "12:45", "is_direct": false },
        { "time": "13:00", "is_direct": false },
        { "time": "13:15", "is_direct": false },
        { "time": "13:30", "is_direct": false },
        { "time": "13:45", "is_direct": false },
        { "time": "14:04", "is_direct": false },
        { "time": "14:15", "is_direct": false },
        { "time": "14:30", "is_direct": false },
        { "time": "14:45", "is_direct": false },
        { "time": "14:52", "is_direct": true },
        { "time": "14:55", "is_direct": true },
        { "time": "15:00", "is_direct": false },
        { "time": "15:03", "is_direct": true },
        { "time": "15:06", "is_direct": true },
        { "time": "15:10", "is_direct": true },
        { "time": "15:12", "is_direct": true },
        { "time": "15:15", "is_direct": false },
        { "time": "15:20", "is_direct": false },
        { "time": "15:25", "is_direct": false },
        { "time": "15:34", "is_direct": false },
        { "time": "15:45", "is_direct": false },
        { "time": "16:00", "is_direct": false },
        { "time": "16:15", "is_direct": false },
        { "time": "16:25", "is_direct": false },
        { "time": "16:32", "is_direct": true },
        { "time": "16:40", "is_direct": true },
        { "time": "16:44", "is_direct": true },
        { "time": "16:48", "is_direct": false },
        { "time": "16:52", "is_direct": true },
        { "time": "16:56", "is_direct": true },
        { "time": "17:00", "is_direct": true },
        { "time": "17:04", "is_direct": true },
        { "time": "17:10", "is_direct": false },
        { "time": "17:17", "is_direct": true },
        { "time": "17:25", "is_direct": false },
        { "time": "17:35", "is_direct": false },
        { "time": "17:45", "is_direct": false },
        { "time": "17:55", "is_direct": false },
        { "time": "18:04", "is_direct": false },
        { "time": "18:10", "is_direct": false },
        { "time": "18:18", "is_direct": true },
        { "time": "18:24", "is_direct": true },
        { "time": "18:28", "is_direct": true },
        { "time": "18:31", "is_direct": false },
        { "time": "18:34", "is_direct": true },
        { "time": "18:38", "is_direct": true },
        { "time": "18:42", "is_direct": false },
        { "time": "18:50", "is_direct": false },
        { "time": "19:03", "is_direct": false },
        { "time": "19:17", "is_direct": false },
        { "time": "19:33", "is_direct": false },
        { "time": "19:48", "is_direct": false },
        { "time": "20:02", "is_direct": false },
        { "time": "20:15", "is_direct": false },
        { "time": "20:30", "is_direct": false },
        { "time": "20:50", "is_direct": false },
        { "time": "21:10", "is_direct": false },
        { "time": "21:24", "is_direct": false },
        { "time": "21:52", "is_direct": false },
        { "time": "22:04", "is_direct": false },
        { "time": "22:43", "is_direct": false }
      ],
      "saturdays": [
        { "time": "08:33", "is_direct": false },
        { "time": "09:24", "is_direct": false },
        { "time": "09:54", "is_direct": false },
        { "time": "10:13", "is_direct": false },
        { "time": "10:29", "is_direct": false },
        { "time": "10:45", "is_direct": false },
        { "time": "11:01", "is_direct": false },
        { "time": "11:13", "is_direct": false },
        { "time": "11:31", "is_direct": false },
        { "time": "12:01", "is_direct": false },
        { "time": "12:29", "is_direct": false },
        { "time": "12:31", "is_direct": false },
        { "time": "12:45", "is_direct": false },
        { "time": "13:01", "is_direct": false },
        { "time": "13:13", "is_direct": false },
        { "time": "13:31", "is_direct": false },
        { "time": "14:01", "is_direct": false },
        { "time": "14:13", "is_direct": false },
        { "time": "14:31", "is_direct": false },
        { "time": "15:01", "is_direct": false },
        { "time": "15:13", "is_direct": false },
        { "time": "15:31", "is_direct": false },
        { "time": "16:01", "is_direct": false },
        { "time": "16:13", "is_direct": false },
        { "time": "16:55", "is_direct": false },
        { "time": "17:10", "is_direct": false },
        { "time": "17:25", "is_direct": false },
        { "time": "17:53", "is_direct": false },
        { "time": "18:33", "is_direct": false },
        { "time": "18:50", "is_direct": false },
        { "time": "19:24", "is_direct": false },
        { "time": "19:54", "is_direct": false },
        { "time": "20:24", "is_direct": false },
        { "time": "20:56", "is_direct": false },
        { "time": "21:30", "is_direct": false }
      ],
      "holidays": [
        { "time": "08:33", "is_direct": false },
        { "time": "09:24", "is_direct": false },
        { "time": "09:54", "is_direct": false },
        { "time": "10:13", "is_direct": false },
        { "time": "10:29", "is_direct": false },
        { "time": "10:45", "is_direct": false },
        { "time": "11:01", "is_direct": false },
        { "time": "11:13", "is_direct": false },
        { "time": "11:31", "is_direct": false },
        { "time": "12:01", "is_direct": false },
        { "time": "12:29", "is_direct": false },
        { "time": "12:31", "is_direct": false },
        { "time": "12:45", "is_direct": false },
        { "time": "13:01", "is_direct": false },
        { "time": "13:13", "is_direct": false },
        { "time": "13:31", "is_direct": false },
        { "time": "14:01", "is_direct": false },
        { "time": "14:13", "is_direct": false },
        { "time": "14:31", "is_direct": false },
        { "time": "15:01", "is_direct": false },
        { "time": "15:13", "is_direct": false },
        { "time": "15:31", "is_direct": false },
        { "time": "16:01", "is_direct": false },
        { "time": "16:13", "is_direct": false },
        { "time": "16:55", "is_direct": false },
        { "time": "17:25", "is_direct": false },
        { "time": "17:53", "is_direct": false },
        { "time": "18:33", "is_direct": false },
        { "time": "18:50", "is_direct": false },
        { "time": "19:24", "is_direct": false },
        { "time": "19:54", "is_direct": false },
        { "time": "20:24", "is_direct": false },
        { "time": "20:56", "is_direct": false },
        { "time": "21:30", "is_direct": false }
      ]
    }
  }
} 