{
  "landmarksDictionary": [
    {
      "id": 326,
      "name": "滋賀県立図書館",
      "imageUrl": "",
      "informationUrl": "",
      "position": {
        "latitude": "34.970799",
        "longitude": "135.943091"
      },
      "category": {
        "category": null,
        "categoryName": null,
        "categoryMapUrl": null
      }
    },
    {
      "id": 301,
      "name": "大津地方法務局草津証明サービスセンター",
      "imageUrl": "",
      "informationUrl": "",
      "position": {
        "latitude": "35.015292",
        "longitude": "135.96173"
      },
      "category": {
        "category": null,
        "categoryName": null,
        "categoryMapUrl": null
      }
    },
    {
      "id": 302,
      "name": "滋賀県中央子ども家庭相談センター",
      "imageUrl": "",
      "informationUrl": "",
      "position": {
        "latitude": "34.975329",
        "longitude": "135.954701"
      },
      "category": {
        "category": null,
        "categoryName": null,
        "categoryMapUrl": null
      }
    },
    {
      "id": 303,
      "name": "京都税関支署滋賀出張所",
      "imageUrl": "",
      "informationUrl": "",
      "position": {
        "latitude": "35.019477",
        "longitude": "135.967833"
      },
      "category": {
        "category": null,
        "categoryName": null,
        "categoryMapUrl": null
      }
    },
    {
      "id": 304,
      "name": "草津市役所",
      "imageUrl": "",
      "informationUrl": "",
      "position": {
        "latitude": "35.013158",
        "longitude": "135.959952"
      },
      "category": {
        "category": null,
        "categoryName": null,
        "categoryMapUrl": null
      }
    },
    {
      "id": 306,
      "name": "大津市役所 市民部瀬田東市民センター",
      "imageUrl": "",
      "informationUrl": "",
      "position": {
        "latitude": "34.984898",
        "longitude": "135.934522"
      },
      "category": {
        "category": null,
        "categoryName": null,
        "categoryMapUrl": null
      }
    },
    {
      "id": 307,
      "name": "栗東市役所",
      "imageUrl": "",
      "informationUrl": "",
      "position": {
        "latitude": "35.022077",
        "longitude": "135.996822"
      },
      "category": {
        "category": null,
        "categoryName": null,
        "categoryMapUrl": null
      }
    },
    {
      "id": 308,
      "name": "甲賀市役所 信楽支所",
      "imageUrl": "",
      "informationUrl": "",
      "position": {
        "latitude": "34.878275",
        "longitude": "136.058823"
      },
      "category": {
        "category": null,
        "categoryName": null,
        "categoryMapUrl": null
      }
    },
    {
      "id": 309,
      "name": "大津市役所 市民部瀬田南市民センター",
      "imageUrl": "",
      "informationUrl": "",
      "position": {
        "latitude": "34.971317",
        "longitude": "135.914194"
      },
      "category": {
        "category": null,
        "categoryName": null,
        "categoryMapUrl": null
      }
    },
    {
      "id": 313,
      "name": "放送大学滋賀学習センター",
      "imageUrl": "",
      "informationUrl": "",
      "position": {
        "latitude": "34.964307",
        "longitude": "135.939629"
      },
      "category": {
        "category": null,
        "categoryName": null,
        "categoryMapUrl": null
      }
    },
    {
      "id": 314,
      "name": "龍谷大学",
      "imageUrl": "",
      "informationUrl": "",
      "position": {
        "latitude": "34.964307",
        "longitude": "135.939629"
      },
      "category": {
        "category": null,
        "categoryName": null,
        "categoryMapUrl": null
      }
    },
    {
      "id": 315,
      "name": "玉川高等学校",
      "imageUrl": "",
      "informationUrl": "",
      "position": {
        "latitude": "34.993879",
        "longitude": "135.959753"
      },
      "category": {
        "category": null,
        "categoryName": null,
        "categoryMapUrl": null
      }
    },
    {
      "id": 316,
      "name": "東大津高等学校",
      "imageUrl": "",
      "informationUrl": "",
      "position": {
        "latitude": "34.97118",
        "longitude": "135.945492"
      },
      "category": {
        "category": null,
        "categoryName": null,
        "categoryMapUrl": null
      }
    },
    {
      "id": 317,
      "name": "滋賀県立栗東高等学校",
      "imageUrl": "",
      "informationUrl": "",
      "position": {
        "latitude": "35.022502",
        "longitude": "136.006509"
      },
      "category": {
        "category": null,
        "categoryName": null,
        "categoryMapUrl": null
      }
    },
    {
      "id": 318,
      "name": "瀬田工業高等学校",
      "imageUrl": "",
      "informationUrl": "",
      "position": {
        "latitude": "34.970694",
        "longitude": "135.911941"
      },
      "category": {
        "category": null,
        "categoryName": null,
        "categoryMapUrl": null
      }
    },
    {
      "id": 319,
      "name": "びわこ文化公園文化ゾーン",
      "imageUrl": "",
      "informationUrl": "",
      "position": {
        "latitude": "34.970799",
        "longitude": "135.943091"
      },
      "category": {
        "category": null,
        "categoryName": null,
        "categoryMapUrl": null
      }
    },
    {
      "id": 320,
      "name": "滋賀県立近代美術館",
      "imageUrl": "",
      "informationUrl": "",
      "position": {
        "latitude": "34.970799",
        "longitude": "135.943091"
      },
      "category": {
        "category": null,
        "categoryName": null,
        "categoryMapUrl": null
      }
    },
    {
      "id": 321,
      "name": "栗東歴史民俗博物館",
      "imageUrl": "",
      "informationUrl": "",
      "position": {
        "latitude": "35.017976",
        "longitude": "136.008873"
      },
      "category": {
        "category": null,
        "categoryName": null,
        "categoryMapUrl": null
      }
    },
    {
      "id": 322,
      "name": "ＭＩＨＯミュージアム",
      "imageUrl": "",
      "informationUrl": "",
      "position": {
        "latitude": "34.915",
        "longitude": "136.016415"
      },
      "category": {
        "category": null,
        "categoryName": null,
        "categoryMapUrl": null
      }
    },
    {
      "id": 323,
      "name": "滋賀県立陶芸の森",
      "imageUrl": "",
      "informationUrl": "",
      "position": {
        "latitude": "34.884773",
        "longitude": "136.057822"
      },
      "category": {
        "category": null,
        "categoryName": null,
        "categoryMapUrl": null
      }
    },
    {
      "id": 324,
      "name": "甲賀市信楽伝統産業会館",
      "imageUrl": "",
      "informationUrl": "",
      "position": {
        "latitude": "34.878624",
        "longitude": "136.05638"
      },
      "category": {
        "category": null,
        "categoryName": null,
        "categoryMapUrl": null
      }
    },
    {
      "id": 325,
      "name": "栗東市立 図書館",
      "imageUrl": "",
      "informationUrl": "",
      "position": {
        "latitude": "35.016887",
        "longitude": "136.008867"
      },
      "category": {
        "category": null,
        "categoryName": null,
        "categoryMapUrl": null
      }
    },
    {
      "id": 312,
      "name": "京都大学 生態学研究センター",
      "imageUrl": "",
      "informationUrl": "",
      "position": {
        "latitude": "34.970865",
        "longitude": "135.958292"
      },
      "category": {
        "category": null,
        "categoryName": null,
        "categoryMapUrl": null
      }
    },
    {
      "id": 305,
      "name": "草津市役所 クリーンセンター",
      "imageUrl": "",
      "informationUrl": "",
      "position": {
        "latitude": "34.984012",
        "longitude": "135.981097"
      },
      "category": {
        "category": null,
        "categoryName": null,
        "categoryMapUrl": null
      }
    },
    {
      "id": 327,
      "name": "草津市立 南草津図書館",
      "imageUrl": "",
      "informationUrl": "",
      "position": {
        "latitude": "35.002984",
        "longitude": "135.947673"
      },
      "category": {
        "category": null,
        "categoryName": null,
        "categoryMapUrl": null
      }
    },
    {
      "id": 328,
      "name": "南草津病院",
      "imageUrl": "",
      "informationUrl": "",
      "position": {
        "latitude": "35.002071",
        "longitude": "135.951526"
      },
      "category": {
        "category": null,
        "categoryName": null,
        "categoryMapUrl": null
      }
    },
    {
      "id": 329,
      "name": "近江草津徳洲会病院",
      "imageUrl": "",
      "informationUrl": "",
      "position": {
        "latitude": "35.001314",
        "longitude": "135.957148"
      },
      "category": {
        "category": null,
        "categoryName": null,
        "categoryMapUrl": null
      }
    },
    {
      "id": 330,
      "name": "滋賀県立精神保健総合センター",
      "imageUrl": "",
      "informationUrl": "",
      "position": {
        "latitude": "34.974838",
        "longitude": "135.958563"
      },
      "category": {
        "category": null,
        "categoryName": null,
        "categoryMapUrl": null
      }
    },
    {
      "id": 331,
      "name": "滋賀医科大学病院",
      "imageUrl": "",
      "informationUrl": "",
      "position": {
        "latitude": "34.973333",
        "longitude": "135.951523"
      },
      "category": {
        "category": null,
        "categoryName": null,
        "categoryMapUrl": null
      }
    },
    {
      "id": 310,
      "name": "立命館大学びわこ・くさつキャンパス",
      "imageUrl": "",
      "informationUrl": "",
      "position": {
        "latitude": "34.9815964",
        "longitude": "135.9622617"
      },
      "category": {
        "category": null,
        "categoryName": null,
        "categoryMapUrl": null
      }
    }
  ],
  "language": 1
}