{
  "language": 1,
  "companiesDictionary": [
    {
      "company_no": "jhb",
      "name": "JR北海道バス",
      "shortName": "JHB",
      "fgcc": "#ffffff",
      "bgcc": "#68bdeb"
    },
    {
      "company_no": "ksb",
      "name": "琴参バス",
      "shortName": "琴参バス",
      "fgcc": "#000000",
      "bgcc": "#00FF00"
    },
    {
      "company_no": "bnk",
      "name": "ばんけいバス",
      "shortName": "Ban.K",
      "fgcc": "#000000",
      "bgcc": "#FF8080"
    },
    {
      "company_no": "fsb",
      "name": "富士急静岡バス",
      "shortName": "富士急静岡",
      "fgcc": "#000000",
      "bgcc": "#e73717"
    },
    {
      "company_no": "hct",
      "name": "函館市電",
      "shortName": "函館市電",
      "fgcc": "#ffffff",
      "bgcc": "#68bdeb"
    },
    {
      "company_no": "jtb",
      "name": "じょうてつバス",
      "shortName": "じょうてつ",
      "fgcc": "#ffffff",
      "bgcc": "#68bdeb"
    },
    {
      "company_no": "adk",
      "name": "旭川電気軌道",
      "shortName": "電気",
      "fgcc": "#ffffff",
      "bgcc": "#e14218"
    },
    {
      "company_no": "dhb",
      "name": "道北バス",
      "shortName": "道北",
      "fgcc": "#ffffff",
      "bgcc": "#6cb700"
    },
    {
      "company_no": "frn",
      "name": "ふらのバス",
      "shortName": "ふらの",
      "fgcc": "#ffffff",
      "bgcc": "#784c9f"
    },
    {
      "company_no": "tkt",
      "name": "帝産湖南交通",
      "shortName": "帝産湖南",
      "fgcc": "#000000",
      "bgcc": "#f4a14e"
    },
    {
      "company_no": "fcb",
      "name": "富士急シティバス",
      "shortName": "富士急シティバス",
      "fgcc": "#000000",
      "bgcc": "#e73717"
    },
    {
      "company_no": "fxc",
      "name": "フジエクスプレスちぃばす",
      "shortName": "ちぃばす",
      "fgcc": "#000000",
      "bgcc": "#3f5aa0"
    },
    {
      "company_no": "fjb",
      "name": "富士急バス",
      "shortName": "富士急",
      "fgcc": "#ffffff",
      "bgcc": "#e83416"
    },
    {
      "company_no": "ymk",
      "name": "山梨交通",
      "shortName": "山梨交通",
      "fgcc": "#464a8a",
      "bgcc": "#e8f6f9"
    },
    {
      "company_no": "don",
      "name": "道南バス",
      "shortName": "道南",
      "fgcc": "#ffffff",
      "bgcc": "#784c9f"
    },
    {
      "company_no": "frnd",
      "name": "ふらのバス観光周遊シャトル",
      "shortName": "ふらの",
      "fgcc": "#ffffff",
      "bgcc": "#784c9f"
    },
    {
      "company_no": "ctb",
      "name": "千歳相互観光バス ",
      "shortName": "千歳",
      "fgcc": "#ffffff",
      "bgcc": "#227486"
    },
    {
      "company_no": "igr",
      "name": "いわて銀河鉄道",
      "shortName": "IGR",
      "fgcc": "#ffffff",
      "bgcc": "#227486"
    },
    {
      "company_no": "rkc",
      "name": "蘭越町コミュニティ",
      "shortName": "蘭越",
      "fgcc": "#ffffff",
      "bgcc": "#227486"
    },
    {
      "company_no": "kcc",
      "name": "倶知安町コミュニティ",
      "shortName": "倶知安",
      "fgcc": "#ffffff",
      "bgcc": "#227486"
    },
    {
      "company_no": "nkb",
      "name": "ニセコバス",
      "shortName": "ニセコバス",
      "fgcc": "#ffffff",
      "bgcc": "#227486"
    },
    {
      "company_no": "fsy",
      "name": "富士急バスコンシェルジュ  ",
      "shortName": "モビリティ",
      "fgcc": "#ffffff",
      "bgcc": "#227486"
    },
    {
      "company_no": "jpk",
      "name": "日本交通",
      "shortName": "日本交通",
      "fgcc": "#ffffff",
      "bgcc": "#c12200"
    },
    {
      "company_no": "fmo",
      "name": "富士急モビリティ",
      "shortName": "モビリティ",
      "fgcc": "#ffffff",
      "bgcc": "#fa404d"
    },
    {
      "company_no": "hmj",
      "name": "日ノ丸自動車",
      "shortName": "日ノ丸",
      "fgcc": "#ffffff",
      "bgcc": "#c12200"
    },
    {
      "company_no": "mfr",
      "name": "南富良野町営バス",
      "shortName": "南富良野町",
      "fgcc": "#ffffff",
      "bgcc": "#003366"
    },
    {
      "company_no": "test_01",
      "name": "MM_TEST",
      "shortName": "テスト",
      "fgcc": null,
      "bgcc": null
    },
    {
      "company_no": "hkt",
      "name": "北都交通",
      "shortName": "北都",
      "fgcc": "#ffffff",
      "bgcc": "#00572f"
    },
    {
      "company_no": "fkt",
      "name": "富士交通",
      "shortName": "富士交通",
      "fgcc": "#ffffff",
      "bgcc": "#191970"
    }
  ]
}