{
  "informations": [
    {
      "id": 751,
      "title": "【４月１日から】大津市内(石山駅方面)の一部区間の運賃変更について",
      "body": "大津市内で運行している他社路線バスの運賃改定実施に合わせまして、\r\n弊社路線バスにつきましても運賃の変更を行います。\r\nご利用の皆様におかれましては大変なご不便をおかけいたしますが、\r\n何卒ご理解賜りますようお願い申し上げます。",
      "targetUrl": "https://shiga-teisan.co.jp/2025/02/07/teisaninfo20250207/",
      "published": "2025-02-07T17:15:00+09:00"
    }
  ],
  "laguage": 1
}