[
  {
    "type": "route",
    "selector": "[class*=\"bus\"]",
    "text": "マイバス",
    "timestamp": "2025-06-15T22:34:05.833629"
  },
  {
    "type": "route",
    "selector": "li",
    "text": "出発地出発地をえらぶ",
    "timestamp": "2025-06-15T22:34:05.875792"
  },
  {
    "type": "route",
    "selector": "li",
    "text": "到着地到着地をえらぶ",
    "timestamp": "2025-06-15T22:34:05.877387"
  },
  {
    "type": "route",
    "selector": "li",
    "text": "ON",
    "timestamp": "2025-06-15T22:34:05.878905"
  },
  {
    "type": "route",
    "selector": "li",
    "text": "OFF",
    "timestamp": "2025-06-15T22:34:05.880542"
  },
  {
    "type": "route",
    "selector": "li",
    "text": "出発",
    "timestamp": "2025-06-15T22:34:05.882267"
  },
  {
    "type": "stop",
    "selector": "button",
    "text": "完了",
    "timestamp": "2025-06-15T22:34:05.891084"
  },
  {
    "type": "stop",
    "selector": "button",
    "text": "現在時刻",
    "timestamp": "2025-06-15T22:34:05.892346"
  },
  {
    "type": "map_element",
    "selector": "[class*=\"map\"]",
    "attributes": "footer_menu_map",
    "timestamp": "2025-06-15T22:34:05.898447"
  }
]