[
  {
    "workNo": 502956,
    "position": {
      "latitude": 35.020158333333,
      "longitude": 135.964695
    },
    "companyNo": "tkt",
    "barrierFree": false,
    "delayMinutes": 10,
    "capacity": 0,
    "color": null,
    "passenger": 3,
    "occupancyStatus": 0,
    "device_uid": "tkt_1481",
    "device_options": null,
    "temporaryBus": 0,
    "displayExpirationTime": 1751105612,
    "startBusStopNo": 287,
    "endBusStopNo": 290,
    "airportFlag": 0,
    "routeNames": {
      "1": "153 グリーンヒル（青山五丁目）経由 草津駅行き",
      "2": "kamikiryu line",
      "3": "上桐生线",
      "4": "上桐生線",
      "5": null
    },
    "routeNumber": "153 グリーンヒル（青山五丁目）経由 草津駅行き",
    "startBusstopId": 287,
    "goalBusstopId": 290
  },
  {
    "workNo": 503282,
    "position": {
      "latitude": 34.972868333333,
      "longitude": 135.91100666667
    },
    "companyNo": "tkt",
    "barrierFree": true,
    "delayMinutes": 4,
    "capacity": 28,
    "color": null,
    "passenger": 0,
    "occupancyStatus": 1,
    "device_uid": "tkt_1335",
    "device_options": null,
    "temporaryBus": 0,
    "displayExpirationTime": 1751105612,
    "startBusStopNo": 209,
    "endBusStopNo": 234,
    "airportFlag": 0,
    "routeNames": {
      "1": "121 月の輪二丁目・カネボウベルパーク・びわ湖レストタウン経由 長寿社会福祉センター行き",
      "2": "seta・chojushakai（tsukinowa）",
      "3": "濑田·长寿社会（月轮）",
      "4": "瀨田·長壽社會（月輪）",
      "5": null
    },
    "routeNumber": "121 月の輪二丁目・カネボウベルパーク・びわ湖レストタウン経由 長寿社会福祉センター行き",
    "startBusstopId": 209,
    "goalBusstopId": 234
  },
  {
    "workNo": 503285,
    "position": {
      "latitude": 35.019485,
      "longitude": 135.97628
    },
    "companyNo": "tkt",
    "barrierFree": true,
    "delayMinutes": 1,
    "capacity": 15,
    "color": null,
    "passenger": 0,
    "occupancyStatus": 1,
    "device_uid": "tkt_1239",
    "device_options": null,
    "temporaryBus": 0,
    "displayExpirationTime": 1751105612,
    "startBusStopNo": 290,
    "endBusStopNo": 290,
    "airportFlag": 0,
    "routeNames": {
      "1": "83 クレハ前・目川住宅経由 草津駅行き",
      "2": "ogaki junkan line",
      "3": "小柿循环线",
      "4": "小柿循環線",
      "5": null
    },
    "routeNumber": "83 クレハ前・目川住宅経由 草津駅行き",
    "startBusstopId": 290,
    "goalBusstopId": 290
  },
  {
    "workNo": 503571,
    "position": {
      "latitude": 34.97952,
      "longitude": 135.90095833333
    },
    "companyNo": "tkt",
    "barrierFree": true,
    "delayMinutes": -4,
    "capacity": 26,
    "color": null,
    "passenger": 0,
    "occupancyStatus": 1,
    "device_uid": "tkt_671",
    "device_options": null,
    "temporaryBus": 0,
    "displayExpirationTime": 1751105611,
    "startBusStopNo": 118,
    "endBusStopNo": 139,
    "airportFlag": 0,
    "routeNames": {
      "1": "50 石居町・堂橋経由 田上車庫前行き",
      "2": "ishiyama・tagamishako（ishizuecho）",
      "3": "石山·田上车库（石居町）",
      "4": "石山·田上車庫（石居町）",
      "5": null
    },
    "routeNumber": "50 石居町・堂橋経由 田上車庫前行き",
    "startBusstopId": 118,
    "goalBusstopId": 139
  },
  {
    "workNo": 503763,
    "position": {
      "latitude": 34.959036666667,
      "longitude": 135.92928
    },
    "companyNo": "tkt",
    "barrierFree": true,
    "delayMinutes": 3,
    "capacity": 28,
    "color": null,
    "passenger": 1,
    "occupancyStatus": 1,
    "device_uid": "tkt_1265",
    "device_options": null,
    "temporaryBus": 0,
    "displayExpirationTime": 1751105612,
    "startBusStopNo": 209,
    "endBusStopNo": 208,
    "airportFlag": 0,
    "routeNames": {
      "1": "311 龍谷大学経由 大学病院行き",
      "2": "idai～ryudai～setaeki",
      "3": "医大～龙大～濑田站",
      "4": "醫大～龍大～瀨田站",
      "5": null
    },
    "routeNumber": "311 龍谷大学経由 大学病院行き",
    "startBusstopId": 209,
    "goalBusstopId": 208
  },
  {
    "workNo": 503782,
    "position": {
      "latitude": 34.953396666667,
      "longitude": 135.93957333333
    },
    "companyNo": "tkt",
    "barrierFree": true,
    "delayMinutes": 3,
    "capacity": 26,
    "color": null,
    "passenger": 0,
    "occupancyStatus": 1,
    "device_uid": "tkt_763",
    "device_options": null,
    "temporaryBus": 0,
    "displayExpirationTime": 1751105611,
    "startBusStopNo": 118,
    "endBusStopNo": 117,
    "airportFlag": 0,
    "routeNames": {
      "1": "210 建部大社・堂経由 牧口行き",
      "2": "ishiyama・makiguchi line",
      "3": "石山·牧口线",
      "4": "石山·牧口線",
      "5": null
    },
    "routeNumber": "210 建部大社・堂経由 牧口行き",
    "startBusstopId": 118,
    "goalBusstopId": 117
  },
  {
    "workNo": 503855,
    "position": {
      "latitude": 35.001755,
      "longitude": 136.01448166667
    },
    "companyNo": "tkt",
    "barrierFree": false,
    "delayMinutes": 0,
    "capacity": 0,
    "color": null,
    "passenger": 0,
    "occupancyStatus": 0,
    "device_uid": "tkt_1439",
    "device_options": null,
    "temporaryBus": 0,
    "displayExpirationTime": 1751105612,
    "startBusStopNo": 330,
    "endBusStopNo": 290,
    "airportFlag": 0,
    "routeNames": {
      "1": "113 赤坂団地・栗東ニューハイツ・図書館経由 草津駅行き",
      "2": "kusatsueki～kinsho",
      "3": "草津～金胜",
      "4": "草津～金勝",
      "5": null
    },
    "routeNumber": "113 赤坂団地・栗東ニューハイツ・図書館経由 草津駅行き",
    "startBusstopId": 330,
    "goalBusstopId": 290
  },
  {
    "workNo": 504153,
    "position": {
      "latitude": 34.983251666667,
      "longitude": 135.92851666667
    },
    "companyNo": "tkt",
    "barrierFree": true,
    "delayMinutes": 0,
    "capacity": 26,
    "color": null,
    "passenger": 4,
    "occupancyStatus": 1,
    "device_uid": "tkt_411",
    "device_options": null,
    "temporaryBus": 0,
    "displayExpirationTime": 1751105612,
    "startBusStopNo": 209,
    "endBusStopNo": 208,
    "airportFlag": 0,
    "routeNames": {
      "1": "301 瀬田公園・医大西門・東大津高校・滋賀アリーナ経由 大学病院行き",
      "2": "seta・idai line",
      "3": "濑田·医大线",
      "4": "瀨田·醫大線",
      "5": null
    },
    "routeNumber": "301 瀬田公園・医大西門・東大津高校・滋賀アリーナ経由 大学病院行き",
    "startBusstopId": 209,
    "goalBusstopId": 208
  },
  {
    "workNo": 504691,
    "position": {
      "latitude": 34.934206666667,
      "longitude": 135.936425
    },
    "companyNo": "tkt",
    "barrierFree": true,
    "delayMinutes": 1,
    "capacity": 28,
    "color": null,
    "passenger": 0,
    "occupancyStatus": 1,
    "device_uid": "tkt_1025",
    "device_options": null,
    "temporaryBus": 0,
    "displayExpirationTime": 1751105612,
    "startBusStopNo": 160,
    "endBusStopNo": 118,
    "airportFlag": 0,
    "routeNames": {
      "1": "130 石居口・稲津経由 石山駅行き",
      "2": "ishiyama・tozanguchi",
      "3": "石山·登山口",
      "4": "石山·登山口",
      "5": null
    },
    "routeNumber": "130 石居口・稲津経由 石山駅行き",
    "startBusstopId": 160,
    "goalBusstopId": 118
  },
  {
    "workNo": 505612,
    "position": {
      "latitude": 34.952283333333,
      "longitude": 135.953605
    },
    "companyNo": "tkt",
    "barrierFree": true,
    "delayMinutes": -5,
    "capacity": 28,
    "color": null,
    "passenger": 0,
    "occupancyStatus": 1,
    "device_uid": "tkt_1109",
    "device_options": null,
    "temporaryBus": 0,
    "displayExpirationTime": 1751105612,
    "startBusStopNo": 139,
    "endBusStopNo": 118,
    "airportFlag": 0,
    "routeNames": {
      "1": "40 東急団地入口・関の津通過・太子・橋本経由 石山駅行き",
      "2": "ishiyama・tagamishako（momiji・dai）",
      "3": "石山·田上車庫（紅葉·大）",
      "4": "石山·田上车库（红叶·大）",
      "5": null
    },
    "routeNumber": "40 東急団地入口・関の津通過・太子・橋本経由 石山駅行き",
    "startBusstopId": 139,
    "goalBusstopId": 118
  }
]